Group,Start,End,P/N,Description,ATA,Unit Hours,U/S Rem.,Rate U/S Rem.,U/S Rem rate UCL,Failures,Rate Fail.,Conf. Fail.,Other Fail.,No Fault,Not Reported,Not Reported %,MTBUR,MTBUR LCL,MTBUR %,MTTUR,MTBF,MTBF LCL,MTBF %,NFF Rate,NFF Rate UCL
Own Configuration,2022-02-01,2023-01-31,1-002-0102-1830,INVERTER,25,28264,2,0.070761393,0.068612111,0,0,0,0,0,2,100,14132,14132,100,14049,,,,,
Own Configuration,2022-03-01,2023-02-28,1-002-0102-1830,INVERTER,25,28505,2,0.070163129,0.0911965,0,0,0,0,0,2,100,14253,13957.93249,102.110395,14049,,,,,
Own Configuration,2022-04-01,2023-03-31,1-002-0102-1830,INVERTER,25,28752,2,0.069560378,0.104805679,0,0,0,0,0,2,100,14376,13917.99155,103.2907654,14049,,,,,
Own Configuration,2022-05-01,2023-04-30,1-002-0102-1830,INVERTER,25,2147,2,0.931532371,0.824560569,0,0,0,0,0,2,100,1074,0,,14049,,,,,
Own Configuration,2022-06-01,2023-05-31,1-002-0102-1830,INVERTER,25,2337,2,0.855798032,1.105412394,0,0,0,0,0,2,100,1169,0,,14049,,,,,
Own Configuration,2022-07-01,2023-06-30,1-002-0102-1830,INVERTER,25,2539,2,0.787711698,1.277260304,0,0,0,0,0,2,100,1270,0,,14049,,,,,
Own Configuration,2022-08-01,2023-07-31,1-002-0102-1830,INVERTER,25,2653,2,0.753863551,1.394877657,0,0,0,0,0,2,100,1327,0,,14049,,,,,
Own Configuration,2022-07-01,2023-06-30,1211313-010,VSV ACTUATOR,75-32,7587,1,0.131804402,0.165232286,0,0,0,0,1,0,0,7587,7107.869445,106.7408463,2045,,,,1,1
Own Configuration,2022-06-01,2023-05-31,1211313-010,VSV ACTUATOR,75-32,7391,1,0.135299689,0.118683528,0,0,0,0,1,0,0,7391,7391,100,2045,,,,1,1
Own Configuration,2022-08-01,2023-07-31,1211313-010,VSV ACTUATOR,75-32,7468,1,0.13390466,0.199679643,0,0,0,0,1,0,0,7468,7210.445332,103.5719662,2045,,,,1,1
Own Configuration,2022-07-01,2023-06-30,1320A0000-01,VALVE,21,114965,1,0.008698299,0.016159807,1,0.008698299,1,0,0,0,0,114965,101503.3972,113.262219,4,114965,101503.3972,113.262219,0,0
Own Configuration,2022-06-01,2023-05-31,1320A0000-01,VALVE,21,114130,1,0.008761938,0.015159199,1,0.008761938,1,0,0,0,0,114130,101997.5704,111.8948221,4,114130,101997.5704,111.8948221,0,0
Own Configuration,2022-08-01,2023-07-31,1320A0000-01,VALVE,21,59012,1,0.016945706,0.020670221,1,0.016945706,1,0,0,0,0,59012,45540.79563,129.5805205,4,59012,45540.79563,129.5805205,0,0
Own Configuration,2022-03-01,2023-02-28,1320A0000-01,VALVE,21,126565,1,0.007901078,0.010246418,1,0.007901078,1,0,0,0,0,126565,125332.95,100.9830216,4,126565,125332.95,100.9830216,0,0
Own Configuration,2022-02-01,2023-01-31,1320A0000-01,VALVE,21,126061,1,0.007932668,0.007691724,1,0.007932668,1,0,0,0,0,126061,126061,100,4,126061,126061,100,0,0
Own Configuration,2022-05-01,2023-04-30,1320A0000-01,VALVE,21,113326,1,0.0088241,0.013737281,1,0.0088241,1,0,0,0,0,113326,104971.3098,107.9590225,4,113326,104971.3098,107.9590225,0,0
Own Configuration,2022-04-01,2023-03-31,1320A0000-01,VALVE,21,127228,1,0.007859905,0.011797433,1,0.007859905,1,0,0,0,0,127228,125008.4182,101.7755459,4,127228,125008.4182,101.7755459,0,0
Own Configuration,2022-08-01,2023-07-31,14330-004C2,TOILET,38,556,1,1.798561151,2.922661871,0,0,0,0,0,1,100,556,556,100,16,,,,,
Own Configuration,2022-08-01,2023-07-31,14C22L215460009,CONTAINR,35,856795,4,0.004668561,1.791722539,0,0,0,0,0,4,100,214199,0,,456,,,,,
Own Configuration,2022-05-01,2023-04-30,14C22L215460009,CONTAINR,35,8177,4,0.48917696,1.914635501,0,0,0,0,0,4,100,2044,0,,456,,,,,
Own Configuration,2022-06-01,2023-05-31,14C22L215460009,CONTAINR,35,9231,4,0.4333225,1.837102155,0,0,0,0,0,4,100,2308,0,,456,,,,,
Own Configuration,2022-07-01,2023-06-30,14C22L215460009,CONTAINR,35,855361,4,0.004676388,1.792427336,0,0,0,0,0,4,100,213840,0,,456,,,,,
Own Configuration,2022-03-01,2023-02-28,14C22L215460009,CONTAINR,35,5870,4,0.681431005,2.096624903,0,0,0,0,0,4,100,1468,146.6187666,1000.895066,456,,,,,
Own Configuration,2022-04-01,2023-03-31,14C22L215460009,CONTAINR,35,7095,4,0.563777308,2.001801017,0,0,0,0,0,4,100,1774,54.05070679,3281.640714,456,,,,,
Own Configuration,2022-01-01,2022-12-31,14C22L215460009,CONTAINR,35,3863,4,1.035464665,2.24196961,0,0,0,0,0,4,100,966,261.7214293,368.9992075,456,,,,,
Own Configuration,2022-02-01,2023-01-31,14C22L215460009,CONTAINR,35,4992,4,0.801282051,2.184666176,0,0,0,0,0,4,100,1248,179.7262966,694.3892038,456,,,,,
Own Configuration,2021-12-01,2022-11-30,14C22L215460009,CONTAINR,35,2711,4,1.475470306,2.109682608,0,0,0,0,0,4,100,678,677.75,100,456,,,,,
Own Configuration,2021-12-01,2022-11-30,14C22R215460009,CONTAINR,35,1671,3,1.795332136,2.567033012,0,0,0,0,0,3,100,557,557,100,455,,,,,
Own Configuration,2022-02-01,2023-01-31,14C22R215460009,CONTAINR,35,2415,3,1.242236025,2.890098112,0,0,0,0,0,3,100,805,341.2741987,235.8807092,455,,,,,
Own Configuration,2022-01-01,2022-12-31,14C22R215460009,CONTAINR,35,2055,3,1.459854015,2.872205254,0,0,0,0,0,3,100,685,372.098413,184.0910834,455,,,,,
Own Configuration,2022-04-01,2023-03-31,14C22R215460009,CONTAINR,35,3023,3,0.992391664,2.747735139,0,0,0,0,0,3,100,1008,307.0048485,328.2250009,455,,,,,
Own Configuration,2022-03-01,2023-02-28,14C22R215460009,CONTAINR,35,2668,3,1.124437781,2.83572131,0,0,0,0,0,3,100,889,335.8887249,264.7702252,455,,,,,
Own Configuration,2022-06-01,2023-05-31,14C22R215460009,CONTAINR,35,3726,3,0.805152979,2.562540891,0,0,0,0,0,3,100,1242,239.537493,518.4992063,455,,,,,
Own Configuration,2022-05-01,2023-04-30,14C22R215460009,CONTAINR,35,3328,3,0.901442308,2.654790116,0,0,0,0,0,3,100,1109,280.7968026,395.066227,455,,,,,
Own Configuration,2022-08-01,2023-07-31,14C22R215460009,CONTAINR,35,850279,3,0.003528254,2.515898456,0,0,0,0,0,3,100,283426,0,,455,,,,,
Own Configuration,2022-07-01,2023-06-30,14C22R215460009,CONTAINR,35,849283,3,0.003532391,2.516525635,0,0,0,0,0,3,100,283094,0,,455,,,,,
Own Configuration,2022-08-01,2023-07-31,1706903,IDG,24,6015,1,0.166251039,0.216189412,0,0,0,0,0,1,100,6015,4680.279168,128.5179748,258,,,,,
Own Configuration,2022-07-01,2023-06-30,1706903,IDG,24,5469,1,0.182848784,0.160393116,0,0,0,0,0,1,100,5469,5469,100,258,,,,,
Own Configuration,2022-02-01,2023-01-31,1806B0000-02,VALVE,21,32211,1,0.031045295,0.051593857,0,0,0,0,0,1,100,32211,29763.18673,108.2242983,704,,,,,
Own Configuration,2022-04-01,2023-03-31,1806B0000-02,VALVE,21,40006,1,0.024996251,0.055481336,0,0,0,0,0,1,100,40006,23298.39505,171.7113986,704,,,,,
Own Configuration,2022-03-01,2023-02-28,1806B0000-02,VALVE,21,32710,1,0.030571691,0.055003124,0,0,0,0,0,1,100,32710,29709.58794,110.0991372,704,,,,,
Own Configuration,2021-12-01,2022-11-30,1806B0000-02,VALVE,21,30895,1,0.032367697,0.035516162,0,0,0,0,0,1,100,30895,30895,100,704,,,,,
Own Configuration,2022-01-01,2022-12-31,1806B0000-02,VALVE,21,31622,1,0.031623553,0.045912559,0,0,0,0,0,1,100,31622,29844.81677,105.9547467,704,,,,,
Own Configuration,2022-07-01,2023-06-30,1806B0000-02,VALVE,21,42050,2,0.047562426,0.079085637,0,0,0,0,0,2,100,21025,8855.966151,237.4105732,15172,,,,,
Own Configuration,2022-08-01,2023-07-31,1806B0000-02,VALVE,21,14268,2,0.140173816,0.139261877,0,0,0,0,0,2,100,7134,0,,15172,,,,,
Own Configuration,2022-05-01,2023-04-30,1806B0000-02,VALVE,21,40606,2,0.049253805,0.066873899,0,0,0,0,0,2,100,20303,13906.7417,145.9939391,15172,,,,,
Own Configuration,2022-06-01,2023-05-31,1806B0000-02,VALVE,21,41312,2,0.048412084,0.074451012,0,0,0,0,0,2,100,20656,10431.63395,198.0130831,15172,,,,,
Own Configuration,2022-02-01,2023-01-31,1B1000-1GS,INVERTER-STATIC,24,915,1,1.092896175,1.059700936,0,0,0,0,0,1,100,915,915,100,915,,,,,
Own Configuration,2022-03-01,2023-02-28,1B1000-1GS,INVERTER-STATIC,24,915,1,1.092896175,1.414478639,0,0,0,0,0,1,100,915,915,100,915,,,,,
Own Configuration,2022-04-01,2023-03-31,1B1000-1GS,INVERTER-STATIC,24,915,1,1.092896175,1.632496499,0,0,0,0,0,1,100,915,915,100,915,,,,,
Own Configuration,2022-05-01,2023-04-30,1B1000-1GS,INVERTER-STATIC,24,885,1,1.129943503,1.859952091,0,0,0,0,0,1,100,885,866.25,102.1645022,915,,,,,
Own Configuration,2022-06-01,2023-05-31,1B1000-1GS,INVERTER-STATIC,24,885,1,1.129943503,2.030493028,0,0,0,0,0,1,100,885,857.812889,103.1693521,915,,,,,
Own Configuration,2022-07-01,2023-06-30,1B1000-1GS,INVERTER-STATIC,24,857,1,1.166861144,2.164754918,0,0,0,0,0,1,100,857,829.7548181,103.283522,915,,,,,
Own Configuration,2022-08-01,2023-07-31,1B1000-1GS,INVERTER-STATIC,24,737,1,1.356852103,2.314071316,0,0,0,0,0,1,100,737,697.5922194,105.6491141,915,,,,,
Own Configuration,2022-05-01,2023-04-30,2123M56P01,ELECTRONIC CONTROL UNIT (ECU),73,1595,1,0.626959248,0.549962353,0,0,0,0,0,1,100,1595,1595,100,16517,,,,,
Own Configuration,2022-06-01,2023-05-31,2123M56P01,ELECTRONIC CONTROL UNIT (ECU),73,1545,1,0.647249191,0.788267105,0,0,0,0,0,1,100,1545,1472.772818,104.9041632,16517,,,,,
Own Configuration,2022-07-01,2023-06-30,2123M56P01,ELECTRONIC CONTROL UNIT (ECU),73,1429,1,0.699790063,0.984062389,0,0,0,0,0,1,100,1429,1288.813643,110.8771627,16517,,,,,
Own Configuration,2022-08-01,2023-07-31,2123M56P01,ELECTRONIC CONTROL UNIT (ECU),73,1241,1,0.805801773,1.179608477,0,0,0,0,0,1,100,1241,1020.16653,121.646806,16517,,,,,
Own Configuration,2022-08-01,2023-07-31,2695A0000-01,SENSOR,21,686,1,1.457725948,1.879518171,0,0,0,0,0,1,100,686,686,100,570,,,,,
Own Configuration,2022-06-01,2023-05-31,2758,MAIN BATTERY 2758,24,4275,1,0.233918129,0.603794421,0,0,0,0,0,1,100,4275,295.2829406,1447.763962,28,,,,,
Own Configuration,2022-05-01,2023-04-30,2758,MAIN BATTERY 2758,24,2647,1,0.377786173,0.613902531,0,0,0,0,0,1,100,2647,2647,100,28,,,,,
Own Configuration,2022-08-01,2023-07-31,2758,MAIN BATTERY 2758,24,8015,1,0.124766064,0.523543882,0,0,0,0,0,1,100,8015,0,,28,,,,,
Own Configuration,2022-07-01,2023-06-30,2758,MAIN BATTERY 2758,24,6178,1,0.161864681,0.561833422,0,0,0,0,0,1,100,6178,0,,28,,,,,
Own Configuration,2022-07-01,2023-06-30,3-1531-1,NOSE WHEEL ASSY,32,348,1,2.873563218,5.765048946,0,0,0,0,0,1,100,348,348,100,345,,,,,
Own Configuration,2022-06-01,2023-05-31,3-1531-1,NOSE WHEEL ASSY,32,348,1,2.873563218,5.477692624,0,0,0,0,0,1,100,348,348,100,345,,,,,
Own Configuration,2022-05-01,2023-04-30,3-1531-1,NOSE WHEEL ASSY,32,348,1,2.873563218,4.66954023,0,0,0,0,0,1,100,348,348,100,345,,,,,
Own Configuration,2022-08-01,2023-07-31,3-1531-1,NOSE WHEEL ASSY,32,394,1,2.538071066,5.707730009,0,0,0,0,0,1,100,394,296.25,132.9957806,345,,,,,
Own Configuration,2022-02-01,2023-01-31,3214-31,BATTERY,33,1872,2,1.068376068,17.73701283,0,0,0,0,0,2,100,936,0,,426,,,,,
Own Configuration,2022-01-01,2022-12-31,3214-31,BATTERY,33,1744,2,1.146788991,18.99050972,0,0,0,0,0,2,100,872,0,,426,,,,,
Own Configuration,2022-04-01,2023-03-31,3214-31,BATTERY,33,2080,2,0.961538462,15.83873496,0,0,0,0,0,2,100,1040,0,,426,,,,,
Own Configuration,2022-03-01,2023-02-28,3214-31,BATTERY,33,1994,2,1.003009027,16.70622037,0,0,0,0,0,2,100,997,0,,426,,,,,
Own Configuration,2021-10-01,2022-09-30,3214-31,BATTERY,33,875,1,1.142857143,25.12564483,0,0,0,0,0,1,100,875,0,,0,,,,,
Own Configuration,2021-09-01,2022-08-31,3214-31,BATTERY,33,637,1,1.569858713,28.87159716,0,0,0,0,0,1,100,637,0,,0,,,,,
Own Configuration,2021-12-01,2022-11-30,3214-31,BATTERY,33,1439,1,0.694927033,20.56095819,0,0,0,0,0,1,100,1439,0,,0,,,,,
Own Configuration,2021-11-01,2022-10-31,3214-31,BATTERY,33,1163,1,0.859845228,22.5139529,0,0,0,0,0,1,100,1163,0,,0,,,,,
Own Configuration,2022-06-01,2023-05-31,3214-31,BATTERY,33,3509,3,0.854944429,14.44983267,0,0,0,0,0,3,100,1170,0,,721,,,,,
Own Configuration,2022-05-01,2023-04-30,3214-31,BATTERY,33,3012,3,0.996015936,15.09492212,0,0,0,0,0,3,100,1004,0,,721,,,,,
Own Configuration,2022-08-01,2023-07-31,3214-31,BATTERY,33,4713,2,0.424358158,1.785885671,0,0,0,0,0,2,100,2357,0,,1082,,,,,
Own Configuration,2022-07-01,2023-06-30,3214-31,BATTERY,33,4183,2,0.478125747,3.15456769,0,0,0,0,0,2,100,2092,0,,1082,,,,,
Own Configuration,2022-07-01,2023-06-30,327155-3,VALVE-ANTI ICE,30,1897,1,0.527148129,1.341823614,0,0,0,0,0,1,100,1897,828.8683381,228.8662641,1084,,,,,
Own Configuration,2022-08-01,2023-07-31,327155-3,VALVE-ANTI ICE,30,1947,1,0.513610683,1.275082021,0,0,0,0,0,1,100,1947,846.4375246,230.0228834,1084,,,,,
Own Configuration,2021-11-01,2022-10-31,327155-3,VALVE-ANTI ICE,30,1134,1,0.881834215,1.042556829,0,0,0,0,0,1,100,1134,1134,100,1084,,,,,
Own Configuration,2021-12-01,2022-11-30,327155-3,VALVE-ANTI ICE,30,1230,1,0.81300813,1.29181003,0,0,0,0,0,1,100,1230,995.3238098,123.5778736,1084,,,,,
Own Configuration,2022-01-01,2022-12-31,327155-3,VALVE-ANTI ICE,30,1421,1,0.703729768,1.372768235,0,0,0,0,0,1,100,1421,859.8999174,165.2517893,1084,,,,,
Own Configuration,2022-02-01,2023-01-31,327155-3,VALVE-ANTI ICE,30,1575,1,0.634920635,1.394439004,0,0,0,0,0,1,100,1575,798.4943444,197.2462311,1084,,,,,
Own Configuration,2022-03-01,2023-02-28,327155-3,VALVE-ANTI ICE,30,1693,1,0.590667454,1.391628907,0,0,0,0,0,1,100,1693,771.5441388,219.4300902,1084,,,,,
Own Configuration,2022-04-01,2023-03-31,327155-3,VALVE-ANTI ICE,30,1854,1,0.539374326,1.373308331,0,0,0,0,0,1,100,1854,726.5314527,255.1850981,1084,,,,,
Own Configuration,2022-05-01,2023-04-30,327155-3,VALVE-ANTI ICE,30,1721,1,0.581057525,1.389846453,0,0,0,0,0,1,100,1721,783.9898579,219.5181459,1084,,,,,
Own Configuration,2022-06-01,2023-05-31,327155-3,VALVE-ANTI ICE,30,1848,1,0.541125541,1.378191934,0,0,0,0,0,1,100,1848,807.8820428,228.7462652,1084,,,,,
Own Configuration,2022-08-01,2023-07-31,327155-31,ANTI ICE VALVE,30,1271,1,0.786782061,0.723890864,0,0,0,0,0,1,100,1271,1271,100,1271,,,,,
Own Configuration,2022-08-01,2023-07-31,3291432-2,LOAD CONTROL VALVE,49,8648,1,0.115633673,0.101432696,0,0,0,0,0,1,100,8648,8648,100,1248,,,,,
Own Configuration,2022-08-01,2023-07-31,341F010000,THERMSTT,36,56251,1,0.017777462,0.028583998,1,0.017777462,1,0,0,0,0,56251,52682.77176,106.7730458,0,56251,52682.77176,106.7730458,0,0
Own Configuration,2022-05-01,2023-04-30,341F010000,THERMSTT,36,58487,1,0.017097817,0.014998033,1,0.017097817,1,0,0,0,0,58487,58487,100,0,58487,58487,100,0,0
Own Configuration,2022-06-01,2023-05-31,341F010000,THERMSTT,36,60065,1,0.016648631,0.020875831,1,0.016648631,1,0,0,0,0,60065,56207.51012,106.8629439,0,60065,56207.51012,106.8629439,0,0
Own Configuration,2022-07-01,2023-06-30,341F010000,THERMSTT,36,61773,1,0.016188302,0.02486995,1,0.016188302,1,0,0,0,0,61773,55588.90488,111.1246932,0,61773,55588.90488,111.1246932,0,0
Own Configuration,2022-08-01,2023-07-31,3800708-1,APU,49,8526,1,0.117288295,0.102884114,0,0,0,0,0,1,100,8526,8526,100,442,,,,,
Own Configuration,2022-05-01,2023-04-30,3886188-3,ACTUATOR,49,6348,1,0.157529931,0.138183673,0,0,0,0,1,0,0,6348,6348,100,943,,,,1,1
Own Configuration,2022-06-01,2023-05-31,3886188-3,ACTUATOR,49,7112,1,0.140607424,0.184721425,0,0,0,0,1,0,0,7112,5244.368653,135.6121293,943,,,,1,1
Own Configuration,2022-08-01,2023-07-31,3886188-3,ACTUATOR,49,8656,1,0.115526802,0.229455843,0,0,0,0,1,0,0,8656,4759.889235,181.8529712,943,,,,1,1
Own Configuration,2022-07-01,2023-06-30,3886188-3,ACTUATOR,49,7947,1,0.125833648,0.212081172,0,0,0,0,1,0,0,7947,4936.319316,160.9903957,943,,,,1,1
Own Configuration,2022-03-01,2023-02-28,3888058-5,EXCITER,49,2157,1,0.463606861,5.848187329,0,0,0,0,0,1,100,2157,0,,225,,,,,
Own Configuration,2022-04-01,2023-03-31,3888058-5,EXCITER,49,4329,1,0.231000231,5.660161054,0,0,0,0,0,1,100,4329,0,,225,,,,,
Own Configuration,2022-05-01,2023-04-30,3888058-5,EXCITER,49,4789,1,0.208811861,5.633765989,0,0,0,0,0,1,100,4789,0,,225,,,,,
Own Configuration,2022-06-01,2023-05-31,3888058-5,EXCITER,49,5376,1,0.186011905,5.609016043,0,0,0,0,0,1,100,5376,0,,225,,,,,
Own Configuration,2021-11-01,2022-10-31,3888058-5,EXCITER,49,942,1,1.061571125,7.026204544,0,0,0,0,0,1,100,942,0,,225,,,,,
Own Configuration,2021-12-01,2022-11-30,3888058-5,EXCITER,49,1226,1,0.815660685,6.646575911,0,0,0,0,0,1,100,1226,0,,225,,,,,
Own Configuration,2022-01-01,2022-12-31,3888058-5,EXCITER,49,1590,1,0.628930818,6.339784877,0,0,0,0,0,1,100,1590,0,,225,,,,,
Own Configuration,2022-02-01,2023-01-31,3888058-5,EXCITER,49,1898,1,0.52687039,6.078030468,0,0,0,0,0,1,100,1898,0,,225,,,,,
Own Configuration,2021-09-01,2022-08-31,3888058-5,EXCITER,49,338,1,2.958579882,8.201648869,0,0,0,0,0,1,100,338,107.479402,314.4788616,225,,,,,
Own Configuration,2021-10-01,2022-09-30,3888058-5,EXCITER,49,644,1,1.552795031,7.518214056,0,0,0,0,0,1,100,644,0,,225,,,,,
Own Configuration,2022-08-01,2023-07-31,4197-20-02,BLSTUNIT,33,10769,1,0.092859133,0.195305311,0,0,0,0,0,1,100,10769,10385.20665,103.6955774,222,,,,,
Own Configuration,2022-07-01,2023-06-30,4197-20-02,BLSTUNIT,33,10612,1,0.094232944,0.181025874,0,0,0,0,0,1,100,10612,10612,100,222,,,,,
Own Configuration,2022-08-01,2023-07-31,4205401,PUMP-HYDRAULIC,29,7328,1,0.136462882,0.200376323,0,0,0,0,0,1,100,7328,7073.963869,103.5911426,1523,,,,,
Own Configuration,2022-07-01,2023-06-30,4205401,PUMP-HYDRAULIC,29,7605,1,0.131492439,0.164495023,0,0,0,0,0,1,100,7605,7199.205754,105.636653,1523,,,,,
Own Configuration,2022-06-01,2023-05-31,4205401,PUMP-HYDRAULIC,29,7439,1,0.13442667,0.117917725,0,0,0,0,0,1,100,7439,7439,100,1523,,,,,
Own Configuration,2022-05-01,2023-04-30,4315542,LIGHT,33,42321,2,0.047257863,1.215870268,0,0,0,0,0,2,100,21161,0,,2,,,,,
Own Configuration,2022-06-01,2023-05-31,4315542,LIGHT,33,43890,1,0.022784233,1.184991089,0,0,0,0,0,1,100,43890,0,,3,,,,,
Own Configuration,2022-07-01,2023-06-30,4315542,LIGHT,33,45478,1,0.021988654,0.811200202,0,0,0,0,0,1,100,45478,0,,1993,,,,,
Own Configuration,2022-08-01,2023-07-31,4315542,LIGHT,33,45877,1,0.021797415,0.694800156,0,0,0,0,0,1,100,45877,0,,1993,,,,,
Own Configuration,2022-01-01,2022-12-31,4315542,LIGHT,33,6970,2,0.286944046,1.337325701,0,0,0,0,0,2,100,3485,0,,2,,,,,
Own Configuration,2022-02-01,2023-01-31,4315542,LIGHT,33,7713,2,0.259302476,1.289079293,0,0,0,0,0,2,100,3857,0,,2,,,,,
Own Configuration,2022-03-01,2023-02-28,4315542,LIGHT,33,8340,2,0.239808153,1.247391176,0,0,0,0,0,2,100,4170,0,,2,,,,,
Own Configuration,2022-04-01,2023-03-31,4315542,LIGHT,33,20252,2,0.098755678,1.227594689,0,0,0,0,0,2,100,10126,0,,2,,,,,
Own Configuration,2021-09-01,2022-08-31,4315542,LIGHT,33,3921,2,0.510073961,1.688073374,0,0,0,0,0,2,100,1961,267.0687112,734.0807507,2,,,,,
Own Configuration,2021-10-01,2022-09-30,4315542,LIGHT,33,4700,2,0.425531915,1.561240045,0,0,0,0,0,2,100,2350,159.5330377,1473.049115,2,,,,,
Own Configuration,2021-11-01,2022-10-31,4315542,LIGHT,33,5438,2,0.367782273,1.467918326,0,0,0,0,0,2,100,2719,41.46219894,6557.780507,2,,,,,
Own Configuration,2021-12-01,2022-11-30,4315542,LIGHT,33,6052,2,0.330469266,1.395103034,0,0,0,0,0,2,100,3026,0,,2,,,,,
Own Configuration,2021-12-01,2022-11-30,49-170-11,SFCC,27,1464,3,2.049180328,43.43401268,0,0,0,0,1,2,66.66666667,488,0,,180,,,,1,1
Own Configuration,2021-11-01,2022-10-31,49-170-11,SFCC,27,1188,3,2.525252525,45.74285625,0,0,0,0,1,2,66.66666667,396,0,,180,,,,1,1
Own Configuration,2022-02-01,2023-01-31,49-170-11,SFCC,27,2063,3,1.454192923,39.61592786,0,0,0,0,1,2,66.66666667,688,0,,180,,,,1,1
Own Configuration,2022-01-01,2022-12-31,49-170-11,SFCC,27,1808,3,1.659292035,41.41125519,0,0,0,0,1,2,66.66666667,603,0,,180,,,,1,1
Own Configuration,2021-10-01,2022-09-30,49-170-11,SFCC,27,900,3,3.333333333,48.37819073,0,0,0,0,1,2,66.66666667,300,0,,180,,,,1,1
Own Configuration,2021-09-01,2022-08-31,49-170-11,SFCC,27,662,3,4.531722054,51.41532298,0,0,0,0,1,2,66.66666667,221,0,,180,,,,1,1
Own Configuration,2022-08-01,2023-07-31,49-170-11,SFCC,27,30501,2,0.065571621,5.494392359,0,0,0,0,1,1,50,15251,0,,268,,,,1,1
Own Configuration,2022-07-01,2023-06-30,49-170-11,SFCC,27,29564,2,0.067649844,5.730606888,0,0,0,0,1,1,50,14782,0,,268,,,,1,1
Own Configuration,2022-04-01,2023-03-31,49-170-11,SFCC,27,18144,3,0.165343915,36.65942909,0,0,0,0,1,2,66.66666667,6048,0,,180,,,,1,1
Own Configuration,2022-03-01,2023-02-28,49-170-11,SFCC,27,2327,3,1.28921358,38.01558706,0,0,0,0,1,2,66.66666667,776,0,,180,,,,1,1
Own Configuration,2022-06-01,2023-05-31,49-170-11,SFCC,27,28478,2,0.070229651,10.89118567,0,0,0,0,1,1,50,14239,0,,268,,,,1,1
Own Configuration,2022-05-01,2023-04-30,49-170-11,SFCC,27,27523,2,0.072666497,27.60975522,0,0,0,0,1,1,50,13762,0,,268,,,,1,1
Own Configuration,2022-07-01,2023-06-30,6773F010000,VALVE,36,30893,1,0.032369793,0.05385199,0,0,0,0,0,1,100,30893,22428.45117,137.740229,1415,,,,,
Own Configuration,2022-06-01,2023-05-31,6773F010000,VALVE,36,30095,1,0.033228111,0.047422999,0,0,0,0,0,1,100,30095,20765.87265,144.9252845,1415,,,,,
Own Configuration,2022-05-01,2023-04-30,6773F010000,VALVE,36,29198,1,0.034248921,0.03830521,0,0,0,0,0,1,100,29198,18401.48077,158.6720132,1415,,,,,
Own Configuration,2022-04-01,2023-03-31,6773F010000,VALVE,36,36672,1,0.027268761,0.023919883,0,0,0,0,0,1,100,36672,36672,100,1415,,,,,
Own Configuration,2022-08-01,2023-07-31,6773F010000,VALVE,36,31445,2,0.063603117,0.07500634,0,0,0,0,0,2,100,15723,7267.901865,216.3279072,919,,,,,
Own Configuration,2022-07-01,2023-06-30,6774E010000,VALVE-BLEED PRESSURE REGULATING,36,85,1,11.76470588,26.52211655,0,0,0,0,0,1,100,85,85,100,85,,,,,
Own Configuration,2022-08-01,2023-07-31,6774E010000,VALVE-BLEED PRESSURE REGULATING,36,85,1,11.76470588,25,0,0,0,0,0,1,100,85,85,100,85,,,,,
Own Configuration,2022-06-01,2023-05-31,6774E010000,VALVE-BLEED PRESSURE REGULATING,36,85,1,11.76470588,28.75933704,0,0,0,0,0,1,100,85,85,100,85,,,,,
Own Configuration,2022-05-01,2023-04-30,6774G010000,VALVE,36,21496,1,0.046520283,0.040807125,0,0,0,0,0,1,100,21496,21496,100,1299,,,,,
Own Configuration,2022-06-01,2023-05-31,6774G010000,VALVE,36,22799,1,0.043861573,0.055930929,0,0,0,0,0,1,100,22799,19613.75963,116.2398257,1299,,,,,
Own Configuration,2022-07-01,2023-06-30,6774G010000,VALVE,36,24082,1,0.04152479,0.065756312,0,0,0,0,0,1,100,24082,19236.54789,125.188782,1299,,,,,
Own Configuration,2022-08-01,2023-07-31,6774G010000,VALVE,36,25200,1,0.03968254,0.072537603,0,0,0,0,0,1,100,25200,18990.98308,132.6945524,1299,,,,,
Own Configuration,2022-08-01,2023-07-31,80-178-03-88013,LGCIU,32,65258,1,0.015323792,0.013441876,0,0,0,0,0,1,100,65258,65258,100,574,,,,,
Own Configuration,2021-11-01,2022-10-31,822-0297-020,RECEIVER,34,61540,1,0.016249594,0.019211236,0,0,0,0,0,1,100,61540,61540,100,111,,,,,
Own Configuration,2021-12-01,2022-11-30,822-0297-020,RECEIVER,34,62023,1,0.016123051,0.024652022,0,0,0,0,0,1,100,62023,60842.28542,101.9406151,111,,,,,
Own Configuration,2022-08-01,2023-07-31,822-0297-020,RECEIVER,34,87255,1,0.011460661,0.027781757,0,0,0,0,0,1,100,87255,35005.72258,249.2592455,111,,,,,
Own Configuration,2022-05-01,2023-04-30,822-0297-020,RECEIVER,34,90586,1,0.011039233,0.030659481,0,0,0,0,0,1,100,90586,38237.84738,236.9014111,111,,,,,
Own Configuration,2022-06-01,2023-05-31,822-0297-020,RECEIVER,34,91376,1,0.010943793,0.030205713,0,0,0,0,0,1,100,91376,34395.14406,265.6654086,111,,,,,
Own Configuration,2022-07-01,2023-06-30,822-0297-020,RECEIVER,34,92173,1,0.010849164,0.029280199,0,0,0,0,0,1,100,92173,33470.56829,275.3852256,111,,,,,
Own Configuration,2022-03-01,2023-02-28,822-0297-020,RECEIVER,34,63947,1,0.01563795,0.030139987,0,0,0,0,0,1,100,63947,60026.6519,106.5310124,111,,,,,
Own Configuration,2022-04-01,2023-03-31,822-0297-020,RECEIVER,34,64624,1,0.015474127,0.030716811,0,0,0,0,0,1,100,64624,59844.92615,107.9857628,111,,,,,
Own Configuration,2022-01-01,2022-12-31,822-0297-020,RECEIVER,34,62790,1,0.015926103,0.027504588,0,0,0,0,0,1,100,62790,60384.1928,103.9841672,111,,,,,
Own Configuration,2022-02-01,2023-01-31,822-0297-020,RECEIVER,34,63457,1,0.015758703,0.029150235,0,0,0,0,0,1,100,63457,60129.847,105.5332803,111,,,,,
Own Configuration,2022-01-01,2022-12-31,8410B5-101-105,"CAMERA, DOOR, STONE GREY",23,1867,1,0.53561864,1.009805289,0,0,0,0,0,1,100,1867,1279.660348,145.8980895,535,,,,,
Own Configuration,2021-12-01,2022-11-30,8410B5-101-105,"CAMERA, DOOR, STONE GREY",23,1696,1,0.589622642,0.939034672,0,0,0,0,0,1,100,1696,1356.208433,125.054524,535,,,,,
Own Configuration,2021-11-01,2022-10-31,8410B5-101-105,"CAMERA, DOOR, STONE GREY",23,1557,1,0.642260758,0.759318846,0,0,0,0,0,1,100,1557,1557,100,535,,,,,
Own Configuration,2022-06-01,2023-05-31,8410B5-101-105,"CAMERA, DOOR, STONE GREY",23,1374,1,0.727802038,1.223289123,0,0,0,0,0,1,100,1374,844.1143368,162.7741575,535,,,,,
Own Configuration,2022-05-01,2023-04-30,8410B5-101-105,"CAMERA, DOOR, STONE GREY",23,1312,1,0.762195122,1.160349475,0,0,0,0,0,1,100,1312,943.9166825,138.9953186,535,,,,,
Own Configuration,2022-04-01,2023-03-31,8410B5-101-105,"CAMERA, DOOR, STONE GREY",23,2203,1,0.453926464,1.042647454,0,0,0,0,0,1,100,2203,1223.220588,180.0983422,535,,,,,
Own Configuration,2022-02-01,2023-01-31,8410B5-101-105,"CAMERA, DOOR, STONE GREY",23,1995,1,0.501253133,1.038304567,0,0,0,0,0,1,100,1995,1250.795955,159.4984372,535,,,,,
Own Configuration,2022-03-01,2023-02-28,8410B5-101-105,"CAMERA, DOOR, STONE GREY",23,2117,1,0.472366556,1.045439181,0,0,0,0,0,1,100,2117,1228.256519,172.3581326,535,,,,,
Own Configuration,2022-08-01,2023-07-31,8410B5-101-105,"CAMERA, DOOR, STONE GREY",23,1522,1,0.657030223,1.197278853,0,0,0,0,0,1,100,1522,849.8238698,179.0959344,535,,,,,
Own Configuration,2022-07-01,2023-06-30,8410B5-101-105,"CAMERA, DOOR, STONE GREY",23,1499,1,0.667111408,1.2308777,0,0,0,0,0,1,100,1499,840.1569585,178.4190424,535,,,,,
Own Configuration,2021-11-01,2022-10-31,89-01-07122,HANDSET,23,1819,2,1.099505223,1.516658866,0,0,0,0,0,2,100,910,213.9522334,425.0948848,483,,,,,
Own Configuration,2021-10-01,2022-09-30,89-01-07122,HANDSET,23,1391,1,0.718907261,0.926922693,0,0,0,0,0,1,100,1391,1391,100,372,,,,,
Own Configuration,2022-03-01,2023-02-28,89-01-07122,HANDSET,23,3499,2,0.571591883,1.597388972,0,0,0,0,0,2,100,1750,519.9878394,336.4501759,483,,,,,
Own Configuration,2022-02-01,2023-01-31,89-01-07122,HANDSET,23,3132,2,0.638569604,1.637762499,0,0,0,0,0,2,100,1566,561.7300988,278.781572,483,,,,,
Own Configuration,2022-01-01,2022-12-31,89-01-07122,HANDSET,23,2749,2,0.727537286,1.66515298,0,0,0,0,0,2,100,1375,566.5081404,242.6266989,483,,,,,
Own Configuration,2021-12-01,2022-11-30,89-01-07122,HANDSET,23,2234,2,0.895255148,1.656718896,0,0,0,0,0,2,100,1117,475.0027617,235.1565275,483,,,,,
Own Configuration,2022-07-01,2023-06-30,89-01-07122,HANDSET,23,4144,2,0.482625483,1.42893145,0,0,0,0,0,2,100,2072,530.6930235,390.4328695,483,,,,,
Own Configuration,2022-06-01,2023-05-31,89-01-07122,HANDSET,23,3923,2,0.509813918,1.495724142,0,0,0,0,0,2,100,1962,527.727253,371.6882138,483,,,,,
Own Configuration,2022-05-01,2023-04-30,89-01-07122,HANDSET,23,3797,2,0.52673163,1.536796818,0,0,0,0,0,2,100,1899,512.5826443,370.3792981,483,,,,,
Own Configuration,2022-04-01,2023-03-31,89-01-07122,HANDSET,23,3706,2,0.539665407,1.556296455,0,0,0,0,0,2,100,1853,502.160485,369.0055382,483,,,,,
Own Configuration,2022-08-01,2023-07-31,89-01-07122,HANDSET,23,4036,3,0.743310208,1.351292778,0,0,0,0,0,3,100,1345,542.6775774,247.9065636,753,,,,,
Own Configuration,2022-08-01,2023-07-31,891511-14,CYLINDER AND VALVE ASSEMBLIES,35,460,4,8.695652174,39.08992059,0,0,0,0,0,4,100,115,0,,34,,,,,
Own Configuration,2022-06-01,2023-05-31,891511-14,CYLINDER AND VALVE ASSEMBLIES,35,126,3,23.80952381,58.2034202,0,0,0,0,0,3,100,42,42,100,37,,,,,
Own Configuration,2022-07-01,2023-06-30,891511-14,CYLINDER AND VALVE ASSEMBLIES,35,283,4,14.13427562,45.57684544,0,0,0,0,0,4,100,71,0.469370112,15073.39264,34,,,,,
Own Configuration,2022-06-01,2023-05-31,89794077,CREW OXY CYLINDER 89794077,35,2567,3,1.168679392,1.715329614,0,0,0,0,0,3,100,856,525.8292003,162.727111,707,,,,,
Own Configuration,2022-05-01,2023-04-30,89794077,CREW OXY CYLINDER 89794077,35,2168,2,0.922509225,1.189436776,0,0,0,0,0,2,100,1084,1084,100,647,,,,,
Own Configuration,2022-08-01,2023-07-31,89794077,CREW OXY CYLINDER 89794077,35,3542,3,0.846979108,1.86953738,0,0,0,0,0,3,100,1181,662.6055045,178.1854601,707,,,,,
Own Configuration,2022-07-01,2023-06-30,89794077,CREW OXY CYLINDER 89794077,35,3090,3,0.970873786,1.84805791,0,0,0,0,0,3,100,1030,661.719235,155.6551398,707,,,,,
Own Configuration,2022-08-01,2023-07-31,9105A0005-02,SENSOR,21,2951,1,0.33886818,0.297251763,0,0,0,0,0,1,100,2951,2951,100,1893,,,,,
Own Configuration,2022-08-01,2023-07-31,9106A0005-02,SENSOR,21,4954,1,0.201857085,0.177067007,0,0,0,0,0,1,100,4954,4954,100,146,,,,,
Own Configuration,2022-06-01,2023-05-31,9599-607-14943,XCVR,34,65192,3,0.046017916,0.059138615,0,0,0,0,0,3,100,21731,0,,9892,,,,,
Own Configuration,2022-07-01,2023-06-30,9599-607-14943,XCVR,34,65976,3,0.04547108,0.069699311,0,0,0,0,0,3,100,21992,0,,9892,,,,,
Own Configuration,2022-08-01,2023-07-31,9599-607-14943,XCVR,34,9821,3,0.305467875,0.276265773,0,0,0,0,0,3,100,3274,0,,9892,,,,,
Own Configuration,2022-04-01,2023-03-31,9599-607-14943,XCVR,34,155828,3,0.019251996,0.016887657,0,0,0,0,0,3,100,51943,51942.66667,100,9892,,,,,
Own Configuration,2022-05-01,2023-04-30,9599-607-14943,XCVR,34,64494,3,0.046515955,0.044140344,0,0,0,0,0,3,100,21498,0,,9892,,,,,
Own Configuration,2022-08-01,2023-07-31,974540,PUMP,29,73108,1,0.013678394,0.027778257,0,0,0,0,0,1,100,73108,69860.30696,104.6488388,84,,,,,
Own Configuration,2022-07-01,2023-06-30,974540,PUMP,29,72217,1,0.013847155,0.026551125,0,0,0,0,0,1,100,72217,70173.36151,102.912271,84,,,,,
Own Configuration,2022-06-01,2023-05-31,974540,PUMP,29,71381,1,0.01400933,0.022765162,0,0,0,0,0,1,100,71381,71381,100,84,,,,,
Own Configuration,2022-08-01,2023-07-31,C19755BA01,EDU,31,586,1,1.706484642,7.63472469,0,0,0,0,0,1,100,586,0,,50,,,,,
Own Configuration,2022-05-01,2023-04-30,C19755BA01,EDU,31,184,1,5.434782609,5.434782609,0,0,0,0,0,1,100,184,184,100,50,,,,,
Own Configuration,2022-07-01,2023-06-30,C19755BA01,EDU,31,440,1,2.272727273,8.114195158,0,0,0,0,0,1,100,440,0,,50,,,,,
Own Configuration,2022-06-01,2023-05-31,C19755BA01,EDU,31,325,1,3.076923077,8.840813619,0,0,0,0,0,1,100,325,0,,50,,,,,
Own Configuration,2021-10-01,2022-09-30,C20229001,THERMCPL,32,39115,1,0.02556564,0.049112785,0,0,0,0,0,1,100,39115,39115,100,149,,,,,
Own Configuration,2022-08-01,2023-07-31,C20229001,THERMCPL,32,58077,3,0.051655561,0.073180993,0,0,0,0,0,3,100,19359,6259.597343,309.2690941,13068,,,,,
Own Configuration,2022-04-01,2023-03-31,C20229001,THERMCPL,32,40999,1,0.024390839,0.049739056,0,0,0,0,0,1,100,40999,38181.74226,107.3785468,149,,,,,
Own Configuration,2022-05-01,2023-04-30,C20229001,THERMCPL,32,55570,2,0.035990642,0.05308577,0,0,0,0,0,2,100,27785,26469.30816,104.9706318,19584,,,,,
Own Configuration,2022-03-01,2023-02-28,C20229001,THERMCPL,32,40628,1,0.024613567,0.050746654,0,0,0,0,0,1,100,40628,38292.06253,106.1003177,149,,,,,
Own Configuration,2022-07-01,2023-06-30,C20229001,THERMCPL,32,57168,3,0.05247691,0.071086403,0,0,0,0,0,3,100,19056,9498.447577,200.622258,13068,,,,,
Own Configuration,2022-06-01,2023-05-31,C20229001,THERMCPL,32,56258,3,0.053325749,0.064466645,0,0,0,0,0,3,100,18753,14987.91043,125.1186198,13068,,,,,
Own Configuration,2021-12-01,2022-11-30,C20229001,THERMCPL,32,39697,1,0.02519082,0.05345017,0,0,0,0,0,1,100,39697,38608.00616,102.8206425,149,,,,,
Own Configuration,2021-11-01,2022-10-31,C20229001,THERMCPL,32,39413,1,0.025372339,0.053172529,0,0,0,0,0,1,100,39413,38684.52599,101.8831147,149,,,,,
Own Configuration,2022-02-01,2023-01-31,C20229001,THERMCPL,32,40369,1,0.024771483,0.051765738,0,0,0,0,0,1,100,40369,38357.59593,105.2438221,149,,,,,
Own Configuration,2022-01-01,2022-12-31,C20229001,THERMCPL,32,40061,1,0.024961933,0.052742232,0,0,0,0,0,1,100,40061,38461.37731,104.1590364,149,,,,,
Own Configuration,2022-08-01,2023-07-31,DV8456701-5,TLU,27,64565,2,0.030976535,0.027172306,0,0,0,0,0,2,100,32283,32282.5,100,14298,,,,,
Own Configuration,2022-07-01,2023-06-30,E21327006,BRAKING/STEERING CTL UNIT,32,20257,1,0.049365651,23.20926033,0,0,0,0,0,1,100,20257,0,,10,,,,,
Own Configuration,2022-06-01,2023-05-31,E21327006,BRAKING/STEERING CTL UNIT,32,19958,1,0.050105221,24.75304333,0,0,0,0,0,1,100,19958,0,,10,,,,,
Own Configuration,2022-05-01,2023-04-30,E21327006,BRAKING/STEERING CTL UNIT,32,19786,1,0.050540786,26.58686337,0,0,0,0,0,1,100,19786,0,,10,,,,,
Own Configuration,2022-04-01,2023-03-31,E21327006,BRAKING/STEERING CTL UNIT,32,555,1,1.801801802,28.75909982,0,0,0,0,0,1,100,555,0,,10,,,,,
Own Configuration,2022-03-01,2023-02-28,E21327006,BRAKING/STEERING CTL UNIT,32,470,1,2.127659574,32.02200816,0,0,0,0,0,1,100,470,0,,10,,,,,
Own Configuration,2022-02-01,2023-01-31,E21327006,BRAKING/STEERING CTL UNIT,32,347,1,2.88184438,36.6974419,0,0,0,0,0,1,100,347,0,,10,,,,,
Own Configuration,2022-01-01,2022-12-31,E21327006,BRAKING/STEERING CTL UNIT,32,220,1,4.545454545,44.36188518,0,0,0,0,0,1,100,220,0,,10,,,,,
Own Configuration,2021-12-01,2022-11-30,E21327006,BRAKING/STEERING CTL UNIT,32,48,1,20.83333333,20.83333333,0,0,0,0,0,1,100,48,48,100,10,,,,,
Own Configuration,2022-08-01,2023-07-31,E21327006,BRAKING/STEERING CTL UNIT,32,20557,1,0.04864523,21.89757317,0,0,0,0,0,1,100,20557,0,,10,,,,,
Own Configuration,2022-05-01,2023-04-30,HG2030AE23,ADIRU,34,194621,1,0.005138192,0.015988212,0,0,0,0,0,1,100,194621,37970.57269,512.5574523,186,,,,,
Own Configuration,2022-06-01,2023-05-31,HG2030AE23,ADIRU,34,196063,1,0.005100401,0.015725258,0,0,0,0,0,1,100,196063,35257.43798,556.0897536,186,,,,,
Own Configuration,2022-07-01,2023-06-30,HG2030AE23,ADIRU,34,197681,1,0.005058655,0.015263169,0,0,0,0,0,1,100,197681,36538.11646,541.0267938,186,,,,,
Own Configuration,2022-08-01,2023-07-31,HG2030AE23,ADIRU,34,170664,1,0.005859467,0.014592138,0,0,0,0,0,1,100,170664,43490.38236,392.4177961,186,,,,,
Own Configuration,2021-11-01,2022-10-31,HG2030AE23,ADIRU,34,112867,1,0.008859986,0.010474802,0,0,0,0,0,1,100,112867,112867,100,186,,,,,
Own Configuration,2021-12-01,2022-11-30,HG2030AE23,ADIRU,34,113715,1,0.008793915,0.013443573,0,0,0,0,0,1,100,113715,111642.027,101.8568035,186,,,,,
Own Configuration,2022-02-01,2023-01-31,HG2030AE23,ADIRU,34,116020,1,0.008619204,0.015912921,0,0,0,0,0,1,100,116020,110576.2763,104.9230485,186,,,,,
Own Configuration,2022-01-01,2022-12-31,HG2030AE23,ADIRU,34,114995,1,0.00869603,0.015005354,0,0,0,0,0,1,100,114995,110912.9708,103.6803894,186,,,,,
Own Configuration,2022-03-01,2023-02-28,HG2030AE23,ADIRU,34,116869,1,0.008556589,0.016460553,0,0,0,0,0,1,100,116869,110400.1955,105.859414,186,,,,,
Own Configuration,2022-04-01,2023-03-31,HG2030AE23,ADIRU,34,179248,1,0.005578863,0.016083163,0,0,0,0,0,1,100,179248,53257.29694,336.5698417,186,,,,,
Own Configuration,2022-08-01,2023-07-31,M01103−02,MICHELIN MLG TYRE 46 X 17 R 20,32-40,7130,1,0.140252454,0.307294865,0,0,0,0,0,1,100,7130,517.5094314,1377.752668,0,,,,,
Own Configuration,2022-07-01,2023-06-30,M01103−02,MICHELIN MLG TYRE 46 X 17 R 20,32-40,4425,1,0.225988701,0.29137841,0,0,0,0,0,1,100,4425,4425,100,0,,,,,
Own Configuration,2022-06-01,2023-05-31,MXP801-11,STWGBOX,35,366709,1,0.002726958,0.00239206,0,0,0,0,0,1,100,366709,366709,100,68,,,,,
Own Configuration,2022-08-01,2023-07-31,MXP801-11,STWGBOX,35,258976,1,0.003861362,0.004704279,0,0,0,0,0,1,100,258976,158289.6591,163.6089189,68,,,,,
Own Configuration,2022-07-01,2023-06-30,MXP801-11,STWGBOX,35,369767,1,0.002704406,0.003359607,0,0,0,0,0,1,100,369767,362291.5855,102.0633696,68,,,,,
Own Configuration,2022-08-01,2023-07-31,TLS755-01-0102A,MMR RECEIVER,34,870,2,2.298850575,5.140373863,0,0,0,0,0,2,100,435,84.20798647,516.5780803,184,,,,,
Own Configuration,2022-07-01,2023-06-30,TLS755-01-0102A,MMR RECEIVER,34,583,2,3.430531732,4.90510253,0,0,0,0,0,2,100,292,291.5,100,184,,,,,
Own Configuration,2022-08-01,2023-07-31,VFT210B00,"VALVE, SKIN AIR-INLET",21,16889,1,0.059210137,0.079799609,1,0.059210137,1,0,0,0,0,16889,10641.7933,158.7044545,1005,16889,10641.7933,158.7044545,0,0
Own Configuration,2022-07-01,2023-06-30,VFT210B00,"VALVE, SKIN AIR-INLET",21,33163,1,0.030154087,0.067312119,1,0.030154087,1,0,0,0,0,33163,17785.17047,186.4643359,1005,33163,17785.17047,186.4643359,0,0
Own Configuration,2022-06-01,2023-05-31,VFT210B00,"VALVE, SKIN AIR-INLET",21,31470,1,0.031776295,0.065125092,1,0.031776295,1,0,0,0,0,31470,16707.38931,188.3597696,1005,31470,16707.38931,188.3597696,0,0
Own Configuration,2022-05-01,2023-04-30,VFT210B00,"VALVE, SKIN AIR-INLET",21,30814,1,0.032452781,0.061339707,1,0.032452781,1,0,0,0,0,30814,14836.9343,207.6844137,1005,30814,14836.9343,207.6844137,0,0
Own Configuration,2022-04-01,2023-03-31,VFT210B00,"VALVE, SKIN AIR-INLET",21,34384,1,0.029083295,0.056029462,1,0.029083295,1,0,0,0,0,34384,11828.36063,290.6911708,1005,34384,11828.36063,290.6911708,0,0
Own Configuration,2022-03-01,2023-02-28,VFT210B00,"VALVE, SKIN AIR-INLET",21,24571,1,0.040698384,0.053085859,1,0.040698384,1,0,0,0,0,24571,23649.40704,103.8968967,1005,24571,23649.40704,103.8968967,0,0
Own Configuration,2022-02-01,2023-01-31,VFT210B00,"VALVE, SKIN AIR-INLET",21,24194,1,0.041332562,0.040077141,1,0.041332562,1,0,0,0,0,24194,24194,100,1005,24194,24194,100,0,0
