Group,Start,End,ATA,Description,Pireps,Maint.Def.,Cabin Def.,Sched.W/O,Total W/O,Pir.Rate,Pir.Rate UCL,Pir.Rate 12mth,Maint.Def.Rate,Maint.Def.Rate UCL,Maint.Def.Rate 12mth,Cabin Def.Rate,Cab.Def.Rate UCL,Cab.Def.Rate 12mth,Total U/S W/O Rate,Sched.W/O Rate
PAS A320 Fleet,2022-07-01,2022-07-31,21,AIR CONDITIONING,1,0,0,0,1,3.19,22.00,3.16,0.00,0.00,0.00,0.00,0.00,0.00,3.19,0.00
PAS A320 Fleet,2022-08-01,2022-08-31,21,AIR CONDITIONING,0,2,0,0,2,0.00,22.00,3.16,4.85,4.25,0.40,0.00,0.00,0.00,4.85,0.00
PAS A320 Fleet,2022-09-01,2022-09-30,21,AIR CONDITIONING,2,1,0,0,3,4.11,22.15,3.50,2.05,4.62,0.58,0.00,0.00,0.00,6.16,0.00
PAS A320 Fleet,2022-10-01,2022-10-31,21,AIR CONDITIONING,4,2,0,0,6,8.96,23.10,4.25,4.48,5.99,0.95,0.00,0.00,0.00,13.44,0.00
PAS A320 Fleet,2022-11-01,2022-11-30,21,AIR CONDITIONING,2,0,0,0,2,5.26,23.18,4.69,0.00,5.99,0.95,0.00,0.00,0.00,5.26,0.00
PAS A320 Fleet,2022-12-01,2022-12-31,21,AIR CONDITIONING,1,0,0,0,1,1.80,23.07,4.84,0.00,5.99,0.95,0.00,0.00,0.00,1.80,0.00
PAS A320 Fleet,2023-01-01,2023-01-31,21,AIR CONDITIONING,4,5,0,4,13,8.66,23.50,5.56,10.83,11.08,1.85,0.00,0.00,0.00,19.50,8.66
PAS A320 Fleet,2023-02-01,2023-02-28,21,AIR CONDITIONING,0,1,0,1,2,0.00,23.50,5.56,2.70,11.18,2.08,0.00,0.00,0.00,2.70,2.70
PAS A320 Fleet,2023-03-01,2023-03-31,21,AIR CONDITIONING,0,1,0,0,1,0.00,23.50,5.56,1.79,11.16,2.22,0.00,0.00,0.00,1.79,0.00
PAS A320 Fleet,2023-04-01,2023-04-30,21,AIR CONDITIONING,17,2,0,3,22,25.96,30.02,6.56,3.05,11.22,2.48,0.00,0.00,0.00,29.01,4.58
PAS A320 Fleet,2023-05-01,2023-05-31,21,AIR CONDITIONING,10,4,0,1,15,12.28,30.70,7.58,4.91,11.54,2.89,0.00,0.00,0.00,17.20,1.23
PAS A320 Fleet,2023-06-01,2023-06-30,21,AIR CONDITIONING,13,3,0,0,16,13.77,27.97,7.00,3.18,11.44,3.15,0.00,0.00,0.00,16.94,0.00
PAS A320 Fleet,2022-07-01,2022-07-31,22,AUTO FLIGHT,1,0,0,2,3,3.19,49.75,5.52,0.00,24.20,3.98,0.00,0.00,0.00,3.19,6.39
PAS A320 Fleet,2022-08-01,2022-08-31,22,AUTO FLIGHT,2,3,0,2,7,4.85,49.90,5.92,7.27,24.65,4.59,0.00,0.00,0.00,12.12,4.85
PAS A320 Fleet,2022-09-01,2022-09-30,22,AUTO FLIGHT,0,3,0,1,4,0.00,49.90,5.92,6.16,24.79,5.10,0.00,0.00,0.00,6.16,2.05
PAS A320 Fleet,2022-10-01,2022-10-31,22,AUTO FLIGHT,3,2,0,1,6,6.72,50.16,6.49,4.48,24.68,5.47,0.00,0.00,0.00,11.20,2.24
PAS A320 Fleet,2022-11-01,2022-11-30,22,AUTO FLIGHT,1,0,0,2,3,2.63,50.16,6.70,0.00,24.68,5.47,0.00,0.00,0.00,2.63,5.26
PAS A320 Fleet,2022-12-01,2022-12-31,22,AUTO FLIGHT,2,1,0,3,6,3.60,50.18,7.00,1.80,24.53,5.62,0.00,0.00,0.00,5.41,5.41
PAS A320 Fleet,2023-01-01,2023-01-31,22,AUTO FLIGHT,3,1,0,1,5,6.50,50.30,7.55,2.17,24.34,5.81,0.00,0.00,0.00,8.66,2.17
PAS A320 Fleet,2023-02-01,2023-02-28,22,AUTO FLIGHT,0,1,0,3,4,0.00,50.30,7.55,2.70,24.10,6.03,0.00,0.00,0.00,2.70,8.09
PAS A320 Fleet,2023-03-01,2023-03-31,22,AUTO FLIGHT,1,1,0,6,8,1.79,50.25,7.70,1.79,23.89,6.18,0.00,0.00,0.00,3.58,10.74
PAS A320 Fleet,2023-04-01,2023-04-30,22,AUTO FLIGHT,7,1,0,3,11,10.69,13.10,3.91,1.53,21.78,5.14,0.00,0.00,0.00,12.22,4.58
PAS A320 Fleet,2023-05-01,2023-05-31,22,AUTO FLIGHT,1,4,0,2,7,1.23,12.89,4.01,4.91,14.55,3.88,0.00,0.00,0.00,6.14,2.46
PAS A320 Fleet,2023-06-01,2023-06-30,22,AUTO FLIGHT,2,2,0,5,9,2.12,12.23,3.61,2.12,9.26,2.91,0.00,0.00,0.00,4.24,5.29
PAS A320 Fleet,2022-07-01,2022-07-31,23,COMMUNICATIONS,0,4,0,0,4,0.00,0.00,0.00,12.77,26.67,3.37,0.00,0.00,0.00,12.77,0.00
PAS A320 Fleet,2022-08-01,2022-08-31,23,COMMUNICATIONS,1,3,0,0,4,2.42,2.13,0.20,7.27,27.27,3.97,0.00,0.00,0.00,9.70,0.00
PAS A320 Fleet,2022-09-01,2022-09-30,23,COMMUNICATIONS,3,2,0,0,5,6.16,5.81,0.72,4.11,27.35,4.31,0.00,0.00,0.00,10.27,0.00
PAS A320 Fleet,2022-10-01,2022-10-31,23,COMMUNICATIONS,0,2,0,0,2,0.00,5.81,0.72,4.48,27.42,4.69,0.00,0.00,0.00,4.48,0.00
PAS A320 Fleet,2022-11-01,2022-11-30,23,COMMUNICATIONS,1,0,0,0,1,2.63,6.20,0.93,0.00,27.42,4.69,0.00,0.00,0.00,2.63,0.00
PAS A320 Fleet,2022-12-01,2022-12-31,23,COMMUNICATIONS,3,1,0,0,4,5.41,7.64,1.39,1.80,27.36,4.84,0.00,0.00,0.00,7.21,0.00
PAS A320 Fleet,2023-01-01,2023-01-31,23,COMMUNICATIONS,2,0,0,0,2,4.33,8.29,1.75,0.00,27.36,4.84,0.00,0.00,0.00,4.33,0.00
PAS A320 Fleet,2023-02-01,2023-02-28,23,COMMUNICATIONS,0,2,2,3,7,0.00,8.29,1.75,5.39,27.42,5.29,5.39,4.73,0.45,10.78,8.09
PAS A320 Fleet,2023-03-01,2023-03-31,23,COMMUNICATIONS,1,0,0,1,2,1.79,8.26,1.90,0.00,27.42,5.29,0.00,4.73,0.45,1.79,1.79
PAS A320 Fleet,2023-04-01,2023-04-30,23,COMMUNICATIONS,1,2,0,1,4,1.53,8.18,2.02,3.05,27.30,5.54,0.00,4.73,0.45,4.58,1.53
PAS A320 Fleet,2023-06-01,2023-06-30,23,COMMUNICATIONS,0,3,1,4,8,0.00,8.18,2.02,3.18,13.90,3.50,1.06,4.82,0.54,4.24,4.24
PAS A320 Fleet,2022-07-01,2022-07-31,24,ELECTRICAL POWER,0,1,0,0,1,0.00,0.00,0.00,3.19,12.64,1.44,0.00,0.00,0.00,3.19,0.00
PAS A320 Fleet,2022-08-01,2022-08-31,24,ELECTRICAL POWER,1,0,0,0,1,2.42,2.13,0.20,0.00,12.64,1.44,0.00,0.00,0.00,2.42,0.00
PAS A320 Fleet,2022-09-01,2022-09-30,24,ELECTRICAL POWER,0,1,0,0,1,0.00,2.13,0.20,2.05,12.75,1.61,0.00,0.00,0.00,2.05,0.00
PAS A320 Fleet,2022-11-01,2022-11-30,24,ELECTRICAL POWER,0,2,0,4,6,0.00,2.13,0.20,5.26,13.44,2.05,0.00,0.00,0.00,5.26,10.53
PAS A320 Fleet,2022-12-01,2022-12-31,24,ELECTRICAL POWER,0,0,0,4,4,0.00,2.13,0.20,0.00,13.44,2.05,0.00,0.00,0.00,0.00,7.21
PAS A320 Fleet,2023-01-01,2023-01-31,24,ELECTRICAL POWER,0,2,0,5,7,0.00,2.13,0.20,4.33,13.79,2.41,0.00,0.00,0.00,4.33,10.83
PAS A320 Fleet,2023-02-01,2023-02-28,24,ELECTRICAL POWER,2,0,0,6,8,5.39,5.18,0.65,0.00,13.79,2.41,0.00,0.00,0.00,5.39,16.17
PAS A320 Fleet,2023-03-01,2023-03-31,24,ELECTRICAL POWER,0,0,0,6,6,0.00,5.18,0.65,0.00,13.79,2.41,0.00,0.00,0.00,0.00,10.74
PAS A320 Fleet,2023-04-01,2023-04-30,24,ELECTRICAL POWER,0,0,0,10,10,0.00,5.18,0.65,0.00,6.64,1.24,0.00,0.00,0.00,0.00,15.27
PAS A320 Fleet,2023-05-01,2023-05-31,24,ELECTRICAL POWER,1,1,0,20,22,1.23,5.27,0.75,1.23,6.64,1.34,0.00,0.00,0.00,2.46,24.57
PAS A320 Fleet,2023-06-01,2023-06-30,24,ELECTRICAL POWER,5,3,0,23,31,5.29,6.90,1.19,3.18,6.95,1.60,0.00,0.00,0.00,8.47,24.35
PAS A320 Fleet,2022-07-01,2022-07-31,25,EQUIPMENT / FURNISHINGS,0,3,0,0,3,0.00,12.11,1.15,9.58,134.13,19.85,0.00,0.00,0.00,9.58,0.00
PAS A320 Fleet,2022-08-01,2022-08-31,25,EQUIPMENT / FURNISHINGS,3,5,0,0,8,7.27,13.67,1.76,12.12,134.09,20.86,0.00,0.00,0.00,19.39,0.00
PAS A320 Fleet,2022-09-01,2022-09-30,25,EQUIPMENT / FURNISHINGS,1,5,0,0,6,2.05,13.75,1.93,10.27,133.94,21.71,0.00,0.00,0.00,12.33,0.00
PAS A320 Fleet,2022-10-01,2022-10-31,25,EQUIPMENT / FURNISHINGS,1,10,0,0,11,2.24,13.81,2.11,22.41,134.22,23.58,0.00,0.00,0.00,24.65,0.00
PAS A320 Fleet,2022-11-01,2022-11-30,25,EQUIPMENT / FURNISHINGS,0,6,0,0,6,0.00,13.81,2.11,15.79,133.92,24.90,0.00,0.00,0.00,15.79,0.00
PAS A320 Fleet,2022-12-01,2022-12-31,25,EQUIPMENT / FURNISHINGS,1,5,0,0,6,1.80,13.83,2.26,9.01,133.49,25.65,0.00,0.00,0.00,10.81,0.00
PAS A320 Fleet,2023-01-01,2023-01-31,25,EQUIPMENT / FURNISHINGS,2,22,0,4,28,4.33,14.12,2.63,47.66,136.30,29.62,0.00,0.00,0.00,51.99,8.66
PAS A320 Fleet,2023-02-01,2023-02-28,25,EQUIPMENT / FURNISHINGS,2,8,1,3,14,5.39,14.52,3.07,21.56,135.32,31.41,2.70,2.36,0.22,29.65,8.09
PAS A320 Fleet,2023-03-01,2023-03-31,25,EQUIPMENT / FURNISHINGS,2,11,1,10,24,3.58,14.50,3.37,19.69,134.00,33.06,1.79,2.83,0.37,25.06,17.90
PAS A320 Fleet,2023-04-01,2023-04-30,25,EQUIPMENT / FURNISHINGS,2,8,1,9,20,3.05,14.38,3.63,12.22,62.71,22.37,1.53,3.10,0.50,16.80,13.74
PAS A320 Fleet,2023-05-01,2023-05-31,25,EQUIPMENT / FURNISHINGS,2,4,0,15,21,2.46,14.18,3.83,4.91,58.91,19.46,0.00,3.10,0.50,7.37,18.43
PAS A320 Fleet,2023-06-01,2023-06-30,25,EQUIPMENT / FURNISHINGS,6,15,2,33,56,6.35,9.53,3.21,15.88,47.29,16.76,2.12,3.52,0.68,24.35,34.94
PAS A320 Fleet,2022-08-01,2022-08-31,26,FIRE PROTECTION,2,0,0,0,2,4.85,13.03,1.57,0.00,0.00,0.00,0.00,0.00,0.00,4.85,0.00
PAS A320 Fleet,2022-10-01,2022-10-31,26,FIRE PROTECTION,4,0,0,0,4,8.96,15.07,2.32,0.00,0.00,0.00,0.00,0.00,0.00,8.96,0.00
PAS A320 Fleet,2022-11-01,2022-11-30,26,FIRE PROTECTION,0,1,0,1,2,0.00,15.07,2.32,2.63,2.31,0.22,0.00,0.00,0.00,2.63,2.63
PAS A320 Fleet,2023-01-01,2023-01-31,26,FIRE PROTECTION,0,0,0,1,1,0.00,15.07,2.32,0.00,2.31,0.22,0.00,0.00,0.00,0.00,2.17
PAS A320 Fleet,2023-02-01,2023-02-28,26,FIRE PROTECTION,0,0,0,1,1,0.00,15.07,2.32,0.00,2.31,0.22,0.00,0.00,0.00,0.00,2.70
PAS A320 Fleet,2023-03-01,2023-03-31,26,FIRE PROTECTION,2,1,0,0,3,3.58,15.23,2.62,1.79,2.79,0.37,0.00,0.00,0.00,5.37,0.00
PAS A320 Fleet,2023-04-01,2023-04-30,26,FIRE PROTECTION,6,1,0,1,8,9.16,12.09,2.21,1.53,3.05,0.50,0.00,0.00,0.00,10.69,1.53
PAS A320 Fleet,2023-05-01,2023-05-31,26,FIRE PROTECTION,5,2,0,5,12,6.14,12.85,2.72,2.46,3.64,0.70,0.00,0.00,0.00,8.60,6.14
PAS A320 Fleet,2023-06-01,2023-06-30,26,FIRE PROTECTION,1,1,0,6,8,1.06,12.78,2.81,1.06,3.68,0.79,0.00,0.00,0.00,2.12,6.35
PAS A320 Fleet,2022-07-01,2022-07-31,27,FLIGHT CONTROLS,2,0,0,0,2,6.39,37.85,4.62,0.00,12.31,1.17,0.00,0.00,0.00,6.39,0.00
PAS A320 Fleet,2022-08-01,2022-08-31,27,FLIGHT CONTROLS,5,0,0,0,5,12.12,39.09,5.63,0.00,12.31,1.17,0.00,0.00,0.00,12.12,0.00
PAS A320 Fleet,2022-09-01,2022-09-30,27,FLIGHT CONTROLS,0,1,0,0,1,0.00,39.09,5.63,2.05,12.46,1.34,0.00,0.00,0.00,2.05,0.00
PAS A320 Fleet,2022-10-01,2022-10-31,27,FLIGHT CONTROLS,1,1,0,0,2,2.24,39.07,5.81,2.24,12.60,1.53,0.00,0.00,0.00,4.48,0.00
PAS A320 Fleet,2022-11-01,2022-11-30,27,FLIGHT CONTROLS,0,1,0,3,4,0.00,39.07,5.81,2.63,12.77,1.75,0.00,0.00,0.00,2.63,7.89
PAS A320 Fleet,2022-12-01,2022-12-31,27,FLIGHT CONTROLS,2,1,0,4,7,3.60,39.06,6.11,1.80,12.81,1.90,0.00,0.00,0.00,5.41,7.21
PAS A320 Fleet,2023-01-01,2023-01-31,27,FLIGHT CONTROLS,0,0,0,3,3,0.00,39.06,6.11,0.00,12.81,1.90,0.00,0.00,0.00,0.00,6.50
PAS A320 Fleet,2023-02-01,2023-02-28,27,FLIGHT CONTROLS,0,2,0,4,6,0.00,39.06,6.11,5.39,13.45,2.35,0.00,0.00,0.00,5.39,10.78
PAS A320 Fleet,2023-03-01,2023-03-31,27,FLIGHT CONTROLS,11,8,0,0,19,19.69,41.87,7.75,14.32,17.91,3.54,0.00,0.00,0.00,34.01,0.00
PAS A320 Fleet,2023-04-01,2023-04-30,27,FLIGHT CONTROLS,0,4,0,5,9,0.00,21.33,4.25,6.11,14.35,2.88,0.00,0.00,0.00,6.11,7.63
PAS A320 Fleet,2023-05-01,2023-05-31,27,FLIGHT CONTROLS,10,0,0,15,25,12.28,23.03,5.27,0.00,14.35,2.88,0.00,0.00,0.00,12.28,18.43
PAS A320 Fleet,2023-06-01,2023-06-30,27,FLIGHT CONTROLS,1,0,0,7,8,1.06,22.78,4.78,0.00,14.35,2.88,0.00,0.00,0.00,1.06,7.41
PAS A320 Fleet,2022-07-01,2022-07-31,28,FUEL,1,0,0,0,1,3.19,12.44,1.42,0.00,6.06,0.58,0.00,0.00,0.00,3.19,0.00
PAS A320 Fleet,2022-08-01,2022-08-31,28,FUEL,0,2,0,1,3,0.00,12.44,1.42,4.85,7.38,0.98,0.00,0.00,0.00,4.85,2.42
PAS A320 Fleet,2022-09-01,2022-09-30,28,FUEL,1,1,0,0,2,2.05,12.55,1.59,2.05,7.55,1.15,0.00,0.00,0.00,4.11,0.00
PAS A320 Fleet,2022-10-01,2022-10-31,28,FUEL,0,1,0,0,1,0.00,12.55,1.59,2.24,7.70,1.34,0.00,0.00,0.00,2.24,0.00
PAS A320 Fleet,2022-11-01,2022-11-30,28,FUEL,5,2,0,2,9,13.16,16.85,2.68,5.26,8.73,1.78,0.00,0.00,0.00,18.42,5.26
PAS A320 Fleet,2022-12-01,2022-12-31,28,FUEL,2,1,0,2,5,3.60,16.96,2.98,1.80,8.70,1.93,0.00,0.00,0.00,5.41,3.60
PAS A320 Fleet,2023-01-01,2023-01-31,28,FUEL,1,0,0,2,3,2.17,16.93,3.17,0.00,8.70,1.93,0.00,0.00,0.00,2.17,4.33
PAS A320 Fleet,2023-02-01,2023-02-28,28,FUEL,0,1,0,1,2,0.00,16.93,3.17,2.70,8.74,2.15,0.00,0.00,0.00,2.70,2.70
PAS A320 Fleet,2023-03-01,2023-03-31,28,FUEL,0,0,0,3,3,0.00,16.93,3.17,0.00,8.74,2.15,0.00,0.00,0.00,0.00,5.37
PAS A320 Fleet,2023-04-01,2023-04-30,28,FUEL,1,2,0,8,11,1.53,16.87,3.29,3.05,8.75,2.41,0.00,0.00,0.00,4.58,12.22
PAS A320 Fleet,2023-05-01,2023-05-31,28,FUEL,3,3,0,19,25,3.69,16.87,3.60,3.69,8.76,2.71,0.00,0.00,0.00,7.37,23.34
PAS A320 Fleet,2023-06-01,2023-06-30,28,FUEL,4,2,0,18,24,4.24,12.78,2.80,2.12,7.16,2.31,0.00,0.00,0.00,6.35,19.06
PAS A320 Fleet,2022-08-01,2022-08-31,29,HYDRAULIC POWER,0,2,0,0,2,0.00,17.49,1.66,4.85,4.25,0.40,0.00,0.00,0.00,4.85,0.00
PAS A320 Fleet,2022-11-01,2022-11-30,29,HYDRAULIC POWER,0,0,0,1,1,0.00,17.49,1.66,0.00,4.25,0.40,0.00,0.00,0.00,0.00,2.63
PAS A320 Fleet,2022-12-01,2022-12-31,29,HYDRAULIC POWER,0,0,0,1,1,0.00,17.49,1.66,0.00,4.25,0.40,0.00,0.00,0.00,0.00,1.80
PAS A320 Fleet,2023-01-01,2023-01-31,29,HYDRAULIC POWER,0,0,0,3,3,0.00,17.49,1.66,0.00,4.25,0.40,0.00,0.00,0.00,0.00,6.50
PAS A320 Fleet,2023-02-01,2023-02-28,29,HYDRAULIC POWER,0,0,0,3,3,0.00,17.49,1.66,0.00,4.25,0.40,0.00,0.00,0.00,0.00,8.09
PAS A320 Fleet,2023-03-01,2023-03-31,29,HYDRAULIC POWER,1,0,0,0,1,1.79,17.57,1.81,0.00,4.25,0.40,0.00,0.00,0.00,1.79,0.00
PAS A320 Fleet,2023-04-01,2023-04-30,29,HYDRAULIC POWER,0,0,0,3,3,0.00,17.57,1.81,0.00,4.25,0.40,0.00,0.00,0.00,0.00,4.58
PAS A320 Fleet,2023-05-01,2023-05-31,29,HYDRAULIC POWER,1,3,0,18,22,1.23,1.90,0.25,3.69,5.33,0.71,0.00,0.00,0.00,4.91,22.11
PAS A320 Fleet,2023-06-01,2023-06-30,29,HYDRAULIC POWER,0,0,0,8,8,0.00,1.90,0.25,0.00,5.33,0.71,0.00,0.00,0.00,0.00,8.47
PAS A320 Fleet,2022-09-01,2022-09-30,30,ICE AND RAIN PROTECTION,1,0,0,0,1,2.05,1.80,0.17,0.00,6.06,0.58,0.00,0.00,0.00,2.05,0.00
PAS A320 Fleet,2022-10-01,2022-10-31,30,ICE AND RAIN PROTECTION,1,0,0,0,1,2.24,2.66,0.36,0.00,6.06,0.58,0.00,0.00,0.00,2.24,0.00
PAS A320 Fleet,2022-12-01,2022-12-31,30,ICE AND RAIN PROTECTION,0,1,0,0,1,0.00,2.66,0.36,1.80,6.26,0.73,0.00,0.00,0.00,1.80,0.00
PAS A320 Fleet,2023-02-01,2023-02-28,30,ICE AND RAIN PROTECTION,0,2,0,0,2,0.00,2.66,0.36,5.39,7.78,1.17,0.00,0.00,0.00,5.39,0.00
PAS A320 Fleet,2023-03-01,2023-03-31,30,ICE AND RAIN PROTECTION,0,0,0,1,1,0.00,2.66,0.36,0.00,7.78,1.17,0.00,0.00,0.00,0.00,1.79
PAS A320 Fleet,2023-04-01,2023-04-30,30,ICE AND RAIN PROTECTION,1,0,0,0,1,1.53,2.94,0.49,0.00,7.78,1.17,0.00,0.00,0.00,1.53,0.00
PAS A320 Fleet,2023-06-01,2023-06-30,30,ICE AND RAIN PROTECTION,2,0,0,0,2,2.12,3.39,0.66,0.00,4.99,0.60,0.00,0.00,0.00,2.12,0.00
PAS A320 Fleet,2022-07-01,2022-07-31,31,INDICATING / RECORDING SYSTEMS,0,4,0,0,4,0.00,0.00,0.00,12.77,24.19,4.47,0.00,0.00,0.00,12.77,0.00
PAS A320 Fleet,2022-08-01,2022-08-31,31,INDICATING / RECORDING SYSTEMS,0,4,0,0,4,0.00,0.00,0.00,9.70,24.98,5.28,0.00,0.00,0.00,9.70,0.00
PAS A320 Fleet,2022-09-01,2022-09-30,31,INDICATING / RECORDING SYSTEMS,0,3,0,0,3,0.00,0.00,0.00,6.16,24.96,5.79,0.00,0.00,0.00,6.16,0.00
PAS A320 Fleet,2022-10-01,2022-10-31,31,INDICATING / RECORDING SYSTEMS,1,4,0,0,5,2.24,1.97,0.19,8.96,25.16,6.54,0.00,0.00,0.00,11.20,0.00
PAS A320 Fleet,2022-11-01,2022-11-30,31,INDICATING / RECORDING SYSTEMS,0,1,0,1,2,0.00,1.97,0.19,2.63,24.85,6.76,0.00,0.00,0.00,2.63,2.63
PAS A320 Fleet,2022-12-01,2022-12-31,31,INDICATING / RECORDING SYSTEMS,0,4,0,0,4,0.00,1.97,0.19,7.21,24.48,7.36,0.00,0.00,0.00,7.21,0.00
PAS A320 Fleet,2023-01-01,2023-01-31,31,INDICATING / RECORDING SYSTEMS,0,4,0,1,5,0.00,1.97,0.19,8.66,23.98,8.08,0.00,0.00,0.00,8.66,2.17
PAS A320 Fleet,2023-02-01,2023-02-28,31,INDICATING / RECORDING SYSTEMS,0,0,0,2,2,0.00,1.97,0.19,0.00,23.98,8.08,0.00,0.00,0.00,0.00,5.39
PAS A320 Fleet,2023-03-01,2023-03-31,31,INDICATING / RECORDING SYSTEMS,2,5,0,2,9,3.58,3.70,0.49,8.95,23.11,8.83,0.00,0.00,0.00,12.53,3.58
PAS A320 Fleet,2023-04-01,2023-04-30,31,INDICATING / RECORDING SYSTEMS,4,4,0,7,15,6.11,6.45,0.99,6.11,21.83,8.17,0.00,0.00,0.00,12.22,10.69
PAS A320 Fleet,2023-05-01,2023-05-31,31,INDICATING / RECORDING SYSTEMS,0,4,0,11,15,0.00,6.45,0.99,4.91,16.18,6.91,0.00,0.00,0.00,4.91,13.51
PAS A320 Fleet,2023-06-01,2023-06-30,31,INDICATING / RECORDING SYSTEMS,0,5,0,4,9,0.00,6.45,0.99,5.29,16.14,6.78,0.00,0.00,0.00,5.29,4.24
PAS A320 Fleet,2022-07-01,2022-07-31,32,LANDING GEAR,1,2,0,0,3,3.19,12.64,1.44,6.39,5.60,0.53,0.00,0.00,0.00,9.58,0.00
PAS A320 Fleet,2022-09-01,2022-09-30,32,LANDING GEAR,7,5,0,0,12,14.38,17.72,2.63,10.27,10.59,1.39,0.00,0.00,0.00,24.65,0.00
PAS A320 Fleet,2022-10-01,2022-10-31,32,LANDING GEAR,10,11,0,0,21,22.41,26.01,4.50,24.65,23.95,3.44,0.00,0.00,0.00,47.06,0.00
PAS A320 Fleet,2022-11-01,2022-11-30,32,LANDING GEAR,0,6,0,6,12,0.00,26.01,4.50,15.79,27.18,4.76,0.00,0.00,0.00,15.79,15.79
PAS A320 Fleet,2022-12-01,2022-12-31,32,LANDING GEAR,5,10,0,5,20,9.01,26.66,5.25,18.02,30.54,6.26,0.00,0.00,0.00,27.04,9.01
PAS A320 Fleet,2023-01-01,2023-01-31,32,LANDING GEAR,2,15,0,6,23,4.33,26.56,5.61,32.49,40.20,8.97,0.00,0.00,0.00,36.82,13.00
PAS A320 Fleet,2023-02-01,2023-02-28,32,LANDING GEAR,3,5,0,11,19,8.09,26.72,6.29,13.48,40.48,10.09,0.00,0.00,0.00,21.56,29.65
PAS A320 Fleet,2023-03-01,2023-03-31,32,LANDING GEAR,4,9,0,3,16,7.16,26.58,6.88,16.11,40.82,11.43,0.00,0.00,0.00,23.27,5.37
PAS A320 Fleet,2023-04-01,2023-04-30,32,LANDING GEAR,9,8,0,15,32,13.74,26.48,6.86,12.22,40.12,12.45,0.00,0.00,0.00,25.96,22.90
PAS A320 Fleet,2023-05-01,2023-05-31,32,LANDING GEAR,1,13,0,29,43,1.23,26.31,6.96,15.97,39.34,13.78,0.00,0.00,0.00,17.20,35.63
PAS A320 Fleet,2023-06-01,2023-06-30,32,LANDING GEAR,8,16,0,28,52,8.47,26.07,7.67,16.94,37.84,15.19,0.00,0.00,0.00,25.41,29.65
PAS A320 Fleet,2022-07-01,2022-07-31,33,LIGHTS,1,2,0,0,3,3.19,12.44,1.42,6.39,182.06,24.10,0.00,0.00,0.00,9.58,0.00
PAS A320 Fleet,2022-08-01,2022-08-31,33,LIGHTS,1,5,0,0,6,2.42,12.60,1.62,12.12,182.09,25.11,0.00,0.00,0.00,14.54,0.00
PAS A320 Fleet,2022-09-01,2022-09-30,33,LIGHTS,0,8,0,0,8,0.00,12.60,1.62,16.44,182.19,26.48,0.00,0.00,0.00,16.44,0.00
PAS A320 Fleet,2022-10-01,2022-10-31,33,LIGHTS,2,6,0,0,8,4.48,13.09,1.99,13.44,182.10,27.60,0.00,0.00,0.00,17.93,0.00
PAS A320 Fleet,2022-11-01,2022-11-30,33,LIGHTS,5,8,0,0,13,13.16,17.10,3.09,21.05,182.16,29.36,0.00,0.00,0.00,34.21,0.00
PAS A320 Fleet,2022-12-01,2022-12-31,33,LIGHTS,4,13,0,2,19,7.21,17.77,3.69,23.43,182.14,31.31,0.00,0.00,0.00,30.64,3.60
PAS A320 Fleet,2023-01-01,2023-01-31,33,LIGHTS,2,7,0,2,11,4.33,17.77,4.05,15.16,181.71,32.58,0.00,0.00,0.00,19.50,4.33
PAS A320 Fleet,2023-02-01,2023-02-28,33,LIGHTS,6,2,0,1,9,16.17,21.61,5.40,5.39,181.41,33.02,0.00,0.00,0.00,21.56,2.70
PAS A320 Fleet,2023-03-01,2023-03-31,33,LIGHTS,5,6,0,3,14,8.95,21.86,6.14,10.74,180.90,33.92,0.00,0.00,0.00,19.69,5.37
PAS A320 Fleet,2023-04-01,2023-04-30,33,LIGHTS,2,7,0,5,14,3.05,21.47,6.40,10.69,179.19,31.30,0.00,0.00,0.00,13.74,7.63
PAS A320 Fleet,2023-05-01,2023-05-31,33,LIGHTS,0,7,0,13,20,0.00,21.47,6.40,8.60,42.41,15.41,0.00,0.00,0.00,8.60,15.97
PAS A320 Fleet,2023-06-01,2023-06-30,33,LIGHTS,6,17,0,20,43,6.35,19.42,5.78,18.00,28.86,13.45,0.00,0.00,0.00,24.35,21.18
PAS A320 Fleet,2022-08-01,2022-08-31,34,NAVIGATION,2,0,0,0,2,4.85,4.25,0.40,0.00,0.00,0.00,0.00,0.00,0.00,4.85,0.00
PAS A320 Fleet,2022-09-01,2022-09-30,34,NAVIGATION,4,4,0,1,9,8.22,8.36,1.09,8.22,7.21,0.68,0.00,0.00,0.00,16.44,2.05
PAS A320 Fleet,2022-10-01,2022-10-31,34,NAVIGATION,1,1,0,1,3,2.24,8.53,1.28,2.24,7.48,0.87,0.00,0.00,0.00,4.48,2.24
PAS A320 Fleet,2022-11-01,2022-11-30,34,NAVIGATION,2,0,0,2,4,5.26,9.51,1.71,0.00,7.48,0.87,0.00,0.00,0.00,5.26,5.26
PAS A320 Fleet,2022-12-01,2022-12-31,34,NAVIGATION,2,0,0,2,4,3.60,9.79,2.01,0.00,7.48,0.87,0.00,0.00,0.00,3.60,3.60
PAS A320 Fleet,2023-01-01,2023-01-31,34,NAVIGATION,0,3,0,2,5,0.00,9.79,2.01,6.50,9.31,1.41,0.00,0.00,0.00,6.50,4.33
PAS A320 Fleet,2023-02-01,2023-02-28,34,NAVIGATION,4,4,0,1,9,10.78,13.11,2.91,10.78,13.02,2.31,0.00,0.00,0.00,21.56,2.70
PAS A320 Fleet,2023-03-01,2023-03-31,34,NAVIGATION,5,1,0,0,6,8.95,14.55,3.66,1.79,13.00,2.46,0.00,0.00,0.00,10.74,0.00
PAS A320 Fleet,2023-04-01,2023-04-30,34,NAVIGATION,0,1,0,4,5,0.00,14.55,3.66,1.53,12.95,2.59,0.00,0.00,0.00,1.53,6.11
PAS A320 Fleet,2023-05-01,2023-05-31,34,NAVIGATION,10,1,0,14,25,12.28,17.01,4.68,1.23,12.89,2.69,0.00,0.00,0.00,13.51,17.20
PAS A320 Fleet,2023-06-01,2023-06-30,34,NAVIGATION,16,9,0,5,30,16.94,21.05,6.09,9.53,14.71,3.48,0.00,0.00,0.00,26.47,5.29
PAS A320 Fleet,2022-08-01,2022-08-31,35,OXYGEN,0,1,0,0,1,0.00,0.00,0.00,2.42,2.13,0.20,0.00,0.00,0.00,2.42,0.00
PAS A320 Fleet,2022-11-01,2022-11-30,35,OXYGEN,0,7,0,2,9,0.00,0.00,0.00,18.42,16.31,1.74,0.00,0.00,0.00,18.42,5.26
PAS A320 Fleet,2022-12-01,2022-12-31,35,OXYGEN,0,4,0,2,6,0.00,0.00,0.00,7.21,17.44,2.34,0.00,0.00,0.00,7.21,3.60
PAS A320 Fleet,2023-01-01,2023-01-31,35,OXYGEN,0,2,0,2,4,0.00,0.00,0.00,4.33,17.73,2.70,0.00,0.00,0.00,4.33,4.33
PAS A320 Fleet,2023-02-01,2023-02-28,35,OXYGEN,0,0,0,2,2,0.00,0.00,0.00,0.00,17.73,2.70,0.00,0.00,0.00,0.00,5.39
PAS A320 Fleet,2023-04-01,2023-04-30,35,OXYGEN,0,8,0,4,12,0.00,0.00,0.00,12.22,20.29,3.72,0.00,0.00,0.00,12.22,6.11
PAS A320 Fleet,2023-05-01,2023-05-31,35,OXYGEN,0,4,1,7,12,0.00,0.00,0.00,4.91,20.40,4.13,1.23,1.08,0.10,6.14,8.60
PAS A320 Fleet,2023-06-01,2023-06-30,35,OXYGEN,0,0,0,5,5,0.00,0.00,0.00,0.00,20.40,4.13,0.00,1.08,0.10,0.00,5.29
PAS A320 Fleet,2022-08-01,2022-08-31,36,PNEUMATIC,1,0,0,0,1,2.42,37.52,4.29,0.00,0.00,0.00,0.00,0.00,0.00,2.42,0.00
PAS A320 Fleet,2022-09-01,2022-09-30,36,PNEUMATIC,2,0,0,0,2,4.11,37.66,4.63,0.00,0.00,0.00,0.00,0.00,0.00,4.11,0.00
PAS A320 Fleet,2022-10-01,2022-10-31,36,PNEUMATIC,3,1,0,0,4,6.72,38.00,5.19,2.24,1.97,0.19,0.00,0.00,0.00,8.96,0.00
PAS A320 Fleet,2022-11-01,2022-11-30,36,PNEUMATIC,1,0,0,0,1,2.63,38.00,5.41,0.00,1.97,0.19,0.00,0.00,0.00,2.63,0.00
PAS A320 Fleet,2022-12-01,2022-12-31,36,PNEUMATIC,1,0,0,1,2,1.80,37.98,5.56,0.00,1.97,0.19,0.00,0.00,0.00,1.80,1.80
PAS A320 Fleet,2023-01-01,2023-01-31,36,PNEUMATIC,2,1,0,0,3,4.33,38.01,5.92,2.17,2.73,0.37,0.00,0.00,0.00,6.50,0.00
PAS A320 Fleet,2023-02-01,2023-02-28,36,PNEUMATIC,4,1,0,0,5,10.78,38.68,6.82,2.70,3.56,0.59,0.00,0.00,0.00,13.48,0.00
PAS A320 Fleet,2023-03-01,2023-03-31,36,PNEUMATIC,7,2,0,0,9,12.53,39.43,7.86,3.58,4.62,0.89,0.00,0.00,0.00,16.11,0.00
PAS A320 Fleet,2023-04-01,2023-04-30,36,PNEUMATIC,5,5,0,1,11,7.63,16.03,4.99,7.63,7.96,1.53,0.00,0.00,0.00,15.27,1.53
PAS A320 Fleet,2023-05-01,2023-05-31,36,PNEUMATIC,9,2,0,1,12,11.06,17.01,5.91,2.46,8.05,1.73,0.00,0.00,0.00,13.51,1.23
PAS A320 Fleet,2023-06-01,2023-06-30,36,PNEUMATIC,1,1,0,0,2,1.06,17.11,5.42,1.06,8.00,1.82,0.00,0.00,0.00,2.12,0.00
PAS A320 Fleet,2022-09-01,2022-09-30,38,WATER / WASTE,0,2,0,0,2,0.00,0.00,0.00,4.11,3.60,0.34,0.00,0.00,0.00,4.11,0.00
PAS A320 Fleet,2022-10-01,2022-10-31,38,WATER / WASTE,0,1,0,0,1,0.00,0.00,0.00,2.24,4.10,0.53,0.00,0.00,0.00,2.24,0.00
PAS A320 Fleet,2022-11-01,2022-11-30,38,WATER / WASTE,0,1,0,1,2,0.00,0.00,0.00,2.63,4.65,0.75,0.00,0.00,0.00,2.63,2.63
PAS A320 Fleet,2022-12-01,2022-12-31,38,WATER / WASTE,0,0,0,2,2,0.00,0.00,0.00,0.00,4.65,0.75,0.00,0.00,0.00,0.00,3.60
PAS A320 Fleet,2023-01-01,2023-01-31,38,WATER / WASTE,0,1,0,3,4,0.00,0.00,0.00,2.17,4.92,0.93,0.00,0.00,0.00,2.17,6.50
PAS A320 Fleet,2023-02-01,2023-02-28,38,WATER / WASTE,0,0,0,2,2,0.00,0.00,0.00,0.00,4.92,0.93,0.00,0.00,0.00,0.00,5.39
PAS A320 Fleet,2023-04-01,2023-04-30,38,WATER / WASTE,0,0,0,6,6,0.00,0.00,0.00,0.00,4.92,0.93,0.00,0.00,0.00,0.00,9.16
PAS A320 Fleet,2023-05-01,2023-05-31,38,WATER / WASTE,0,0,0,6,6,0.00,0.00,0.00,0.00,4.92,0.93,0.00,0.00,0.00,0.00,7.37
PAS A320 Fleet,2023-06-01,2023-06-30,38,WATER / WASTE,0,1,0,6,7,0.00,0.00,0.00,1.06,4.93,1.02,0.00,0.00,0.00,1.06,6.35
PAS A320 Fleet,2022-07-01,2022-07-31,46,INFORMATION SYSTEMS,0,0,0,1,1,0.00,0.00,0.00,0.00,0.00,0.00,0.00,0.00,0.00,0.00,3.19
PAS A320 Fleet,2022-09-01,2022-09-30,46,INFORMATION SYSTEMS,0,0,0,1,1,0.00,0.00,0.00,0.00,0.00,0.00,0.00,0.00,0.00,0.00,2.05
PAS A320 Fleet,2023-03-01,2023-03-31,46,INFORMATION SYSTEMS,0,0,0,1,1,0.00,0.00,0.00,0.00,0.00,0.00,0.00,0.00,0.00,0.00,1.79
PAS A320 Fleet,2023-05-01,2023-05-31,46,INFORMATION SYSTEMS,1,0,0,2,3,1.23,1.08,0.10,0.00,0.00,0.00,0.00,0.00,0.00,1.23,2.46
PAS A320 Fleet,2023-06-01,2023-06-30,46,INFORMATION SYSTEMS,1,0,0,1,2,1.06,1.42,0.19,0.00,0.00,0.00,0.00,0.00,0.00,1.06,1.06
PAS A320 Fleet,2022-09-01,2022-09-30,49,AIRBORNE AUXILIARY POWER (APU),5,1,0,1,7,10.27,10.83,1.43,2.05,1.80,0.17,0.00,0.00,0.00,12.33,2.05
PAS A320 Fleet,2022-10-01,2022-10-31,49,AIRBORNE AUXILIARY POWER (APU),0,1,0,0,1,0.00,10.83,1.43,2.24,2.66,0.36,0.00,0.00,0.00,2.24,0.00
PAS A320 Fleet,2023-01-01,2023-01-31,49,AIRBORNE AUXILIARY POWER (APU),0,1,0,1,2,0.00,10.83,1.43,2.17,3.22,0.54,0.00,0.00,0.00,2.17,2.17
PAS A320 Fleet,2023-03-01,2023-03-31,49,AIRBORNE AUXILIARY POWER (APU),0,0,0,1,1,0.00,10.83,1.43,0.00,3.22,0.54,0.00,0.00,0.00,0.00,1.79
PAS A320 Fleet,2023-04-01,2023-04-30,49,AIRBORNE AUXILIARY POWER (APU),4,2,0,3,9,6.11,11.94,1.94,3.05,4.08,0.79,0.00,0.00,0.00,9.16,4.58
PAS A320 Fleet,2023-05-01,2023-05-31,49,AIRBORNE AUXILIARY POWER (APU),2,1,0,0,3,2.46,12.00,2.15,1.23,4.12,0.90,0.00,0.00,0.00,3.69,0.00
PAS A320 Fleet,2023-06-01,2023-06-30,49,AIRBORNE AUXILIARY POWER (APU),0,3,0,3,6,0.00,10.63,1.57,3.18,4.75,1.16,0.00,0.00,0.00,3.18,3.18
PAS A320 Fleet,2022-10-01,2022-10-31,51,STANDARD PRACTICES AND STRUCTURES - GENERAL,0,1,0,0,1,0.00,0.00,0.00,2.24,17.61,1.85,0.00,0.00,0.00,2.24,0.00
PAS A320 Fleet,2023-05-01,2023-05-31,51,STANDARD PRACTICES AND STRUCTURES - GENERAL,0,1,0,0,1,0.00,0.00,0.00,1.23,2.24,0.29,0.00,0.00,0.00,1.23,0.00
PAS A320 Fleet,2022-08-01,2022-08-31,52,DOORS,0,3,0,0,3,0.00,0.00,0.00,7.27,25.46,2.95,0.00,0.00,0.00,7.27,0.00
PAS A320 Fleet,2022-09-01,2022-09-30,52,DOORS,0,3,0,0,3,0.00,0.00,0.00,6.16,25.95,3.46,0.00,0.00,0.00,6.16,0.00
PAS A320 Fleet,2022-10-01,2022-10-31,52,DOORS,0,3,0,0,3,0.00,0.00,0.00,6.72,26.43,4.02,0.00,0.00,0.00,6.72,0.00
PAS A320 Fleet,2022-11-01,2022-11-30,52,DOORS,0,5,0,3,8,0.00,0.00,0.00,13.16,28.32,5.12,0.00,0.00,0.00,13.16,7.89
PAS A320 Fleet,2022-12-01,2022-12-31,52,DOORS,2,10,0,2,14,3.60,3.16,0.30,18.02,31.45,6.62,0.00,0.00,0.00,21.63,3.60
PAS A320 Fleet,2023-01-01,2023-01-31,52,DOORS,1,3,0,1,5,2.17,3.68,0.48,6.50,31.33,7.16,0.00,0.00,0.00,8.66,2.17
PAS A320 Fleet,2023-02-01,2023-02-28,52,DOORS,2,5,0,0,7,5.39,5.93,0.93,13.48,32.07,8.28,0.00,0.00,0.00,18.87,0.00
PAS A320 Fleet,2023-03-01,2023-03-31,52,DOORS,5,2,0,3,10,8.95,9.68,1.68,3.58,31.67,8.58,0.00,0.00,0.00,12.53,5.37
PAS A320 Fleet,2023-04-01,2023-04-30,52,DOORS,3,7,0,6,16,4.58,10.22,2.06,10.69,23.18,7.13,0.00,0.00,0.00,15.27,9.16
PAS A320 Fleet,2023-05-01,2023-05-31,52,DOORS,1,2,0,16,19,1.23,10.17,2.16,2.46,22.74,7.34,0.00,0.00,0.00,3.69,19.66
PAS A320 Fleet,2023-06-01,2023-06-30,52,DOORS,1,2,0,18,21,1.06,10.11,2.25,2.12,22.30,7.51,0.00,0.00,0.00,3.18,19.06
PAS A320 Fleet,2022-07-01,2022-07-31,53,FUSELAGE,0,2,0,0,2,0.00,0.00,0.00,6.39,8.23,1.11,0.00,0.00,0.00,6.39,0.00
PAS A320 Fleet,2022-08-01,2022-08-31,53,FUSELAGE,1,0,0,0,1,2.42,2.13,0.20,0.00,8.23,1.11,0.00,0.00,0.00,2.42,0.00
PAS A320 Fleet,2022-09-01,2022-09-30,53,FUSELAGE,0,0,0,2,2,0.00,2.13,0.20,0.00,8.23,1.11,0.00,0.00,0.00,0.00,4.11
PAS A320 Fleet,2022-11-01,2022-11-30,53,FUSELAGE,0,1,0,0,1,0.00,2.13,0.20,2.63,8.47,1.33,0.00,0.00,0.00,2.63,0.00
PAS A320 Fleet,2022-12-01,2022-12-31,53,FUSELAGE,0,1,0,2,3,0.00,2.13,0.20,1.80,8.53,1.48,0.00,0.00,0.00,1.80,3.60
PAS A320 Fleet,2023-01-01,2023-01-31,53,FUSELAGE,0,3,0,1,4,0.00,2.13,0.20,6.50,9.97,2.02,0.00,0.00,0.00,6.50,2.17
PAS A320 Fleet,2023-02-01,2023-02-28,53,FUSELAGE,1,1,0,1,3,2.70,3.17,0.43,2.70,10.01,2.24,0.00,0.00,0.00,5.39,2.70
PAS A320 Fleet,2023-03-01,2023-03-31,53,FUSELAGE,0,2,0,0,2,0.00,3.17,0.43,3.58,10.11,2.54,0.00,0.00,0.00,3.58,0.00
PAS A320 Fleet,2023-04-01,2023-04-30,53,FUSELAGE,1,3,0,3,7,1.53,3.40,0.55,4.58,10.31,2.92,0.00,0.00,0.00,6.11,4.58
PAS A320 Fleet,2023-06-01,2023-06-30,53,FUSELAGE,0,0,0,4,4,0.00,3.40,0.55,0.00,9.19,2.35,0.00,0.00,0.00,0.00,4.24
PAS A320 Fleet,2023-01-01,2023-01-31,54,NACELLES / PYLONS,0,1,0,0,1,0.00,0.00,0.00,2.17,1.90,0.18,0.00,0.00,0.00,2.17,0.00
PAS A320 Fleet,2023-03-01,2023-03-31,54,NACELLES / PYLONS,0,1,0,0,1,0.00,0.00,0.00,1.79,2.46,0.33,0.00,0.00,0.00,1.79,0.00
PAS A320 Fleet,2023-06-01,2023-06-30,54,NACELLES / PYLONS,0,2,0,0,2,0.00,0.00,0.00,2.12,3.04,0.51,0.00,0.00,0.00,2.12,0.00
PAS A320 Fleet,2022-07-01,2022-07-31,56,WINDOWS,1,0,0,0,1,3.19,2.80,0.27,0.00,0.00,0.00,0.00,0.00,0.00,3.19,0.00
PAS A320 Fleet,2022-10-01,2022-10-31,56,WINDOWS,1,0,0,0,1,2.24,3.41,0.45,0.00,0.00,0.00,0.00,0.00,0.00,2.24,0.00
PAS A320 Fleet,2022-11-01,2022-11-30,56,WINDOWS,1,1,0,0,2,2.63,4.06,0.67,2.63,2.31,0.22,0.00,0.00,0.00,5.26,0.00
PAS A320 Fleet,2023-01-01,2023-01-31,56,WINDOWS,0,1,0,0,1,0.00,4.06,0.67,2.17,2.98,0.40,0.00,0.00,0.00,2.17,0.00
PAS A320 Fleet,2023-02-01,2023-02-28,56,WINDOWS,0,1,0,1,2,0.00,4.06,0.67,2.70,3.75,0.62,0.00,0.00,0.00,2.70,2.70
PAS A320 Fleet,2023-04-01,2023-04-30,56,WINDOWS,0,0,0,1,1,0.00,4.06,0.67,0.00,3.75,0.62,0.00,0.00,0.00,0.00,1.53
PAS A320 Fleet,2023-05-01,2023-05-31,56,WINDOWS,0,0,0,1,1,0.00,4.06,0.67,0.00,3.75,0.62,0.00,0.00,0.00,0.00,1.23
PAS A320 Fleet,2022-07-01,2022-07-31,57,WINGS,0,1,0,0,1,0.00,0.00,0.00,3.19,12.64,1.44,0.00,0.00,0.00,3.19,0.00
PAS A320 Fleet,2022-08-01,2022-08-31,57,WINGS,0,2,0,0,2,0.00,0.00,0.00,4.85,13.27,1.84,0.00,0.00,0.00,4.85,0.00
PAS A320 Fleet,2022-12-01,2022-12-31,57,WINGS,0,1,0,0,1,0.00,0.00,0.00,1.80,13.31,1.99,0.00,0.00,0.00,1.80,0.00
PAS A320 Fleet,2023-01-01,2023-01-31,57,WINGS,0,3,0,0,3,0.00,0.00,0.00,6.50,14.24,2.53,0.00,0.00,0.00,6.50,0.00
PAS A320 Fleet,2023-02-01,2023-02-28,57,WINGS,0,0,0,1,1,0.00,0.00,0.00,0.00,14.24,2.53,0.00,0.00,0.00,0.00,2.70
PAS A320 Fleet,2023-04-01,2023-04-30,57,WINGS,0,0,0,2,2,0.00,0.00,0.00,0.00,7.62,1.36,0.00,0.00,0.00,0.00,3.05
PAS A320 Fleet,2023-05-01,2023-05-31,57,WINGS,0,0,0,3,3,0.00,0.00,0.00,0.00,7.62,1.36,0.00,0.00,0.00,0.00,3.69
PAS A320 Fleet,2023-06-01,2023-06-30,57,WINGS,0,0,0,1,1,0.00,0.00,0.00,0.00,7.62,1.36,0.00,0.00,0.00,0.00,1.06
PAS A320 Fleet,2022-09-01,2022-09-30,70,STANDARD PRACTICES - ENGINE,1,0,0,0,1,2.05,1.80,0.17,0.00,0.00,0.00,0.00,0.00,0.00,2.05,0.00
PAS A320 Fleet,2022-08-01,2022-08-31,71,POWER PLANT - GENERAL,1,1,0,0,2,2.42,2.13,0.20,2.42,2.13,0.20,0.00,0.00,0.00,4.85,0.00
PAS A320 Fleet,2022-09-01,2022-09-30,71,POWER PLANT - GENERAL,0,4,0,3,7,0.00,2.13,0.20,8.22,7.52,0.89,0.00,0.00,0.00,8.22,6.16
PAS A320 Fleet,2022-11-01,2022-11-30,71,POWER PLANT - GENERAL,0,1,0,0,1,0.00,2.13,0.20,2.63,7.82,1.11,0.00,0.00,0.00,2.63,0.00
PAS A320 Fleet,2023-01-01,2023-01-31,71,POWER PLANT - GENERAL,0,0,0,1,1,0.00,2.13,0.20,0.00,7.82,1.11,0.00,0.00,0.00,0.00,2.17
PAS A320 Fleet,2023-03-01,2023-03-31,71,POWER PLANT - GENERAL,1,1,0,1,3,1.79,2.64,0.35,1.79,7.92,1.26,0.00,0.00,0.00,3.58,1.79
PAS A320 Fleet,2023-04-01,2023-04-30,71,POWER PLANT - GENERAL,0,5,0,0,5,0.00,2.64,0.35,7.63,10.14,1.89,0.00,0.00,0.00,7.63,0.00
PAS A320 Fleet,2023-05-01,2023-05-31,71,POWER PLANT - GENERAL,0,1,0,2,3,0.00,2.64,0.35,1.23,10.10,1.99,0.00,0.00,0.00,1.23,2.46
PAS A320 Fleet,2022-08-01,2022-08-31,72,"ENGINE - TURBINE / TURBOPROP, DUCTED FAN / UNDUCTED FAN",0,2,0,0,2,0.00,0.00,0.00,4.85,4.25,0.40,0.00,0.00,0.00,4.85,0.00
PAS A320 Fleet,2022-09-01,2022-09-30,72,"ENGINE - TURBINE / TURBOPROP, DUCTED FAN / UNDUCTED FAN",1,0,0,1,2,2.05,1.80,0.17,0.00,4.25,0.40,0.00,0.00,0.00,2.05,2.05
PAS A320 Fleet,2022-10-01,2022-10-31,72,"ENGINE - TURBINE / TURBOPROP, DUCTED FAN / UNDUCTED FAN",0,2,0,0,2,0.00,1.80,0.17,4.48,5.78,0.78,0.00,0.00,0.00,4.48,0.00
PAS A320 Fleet,2022-11-01,2022-11-30,72,"ENGINE - TURBINE / TURBOPROP, DUCTED FAN / UNDUCTED FAN",0,2,0,0,2,0.00,1.80,0.17,5.26,7.28,1.22,0.00,0.00,0.00,5.26,0.00
PAS A320 Fleet,2022-12-01,2022-12-31,72,"ENGINE - TURBINE / TURBOPROP, DUCTED FAN / UNDUCTED FAN",0,1,0,0,1,0.00,1.80,0.17,1.80,7.35,1.37,0.00,0.00,0.00,1.80,0.00
PAS A320 Fleet,2023-01-01,2023-01-31,72,"ENGINE - TURBINE / TURBOPROP, DUCTED FAN / UNDUCTED FAN",0,12,0,0,12,0.00,1.80,0.17,25.99,23.85,3.53,0.00,0.00,0.00,25.99,0.00
PAS A320 Fleet,2023-03-01,2023-03-31,72,"ENGINE - TURBINE / TURBOPROP, DUCTED FAN / UNDUCTED FAN",0,3,0,0,3,0.00,1.80,0.17,5.37,24.10,3.98,0.00,0.00,0.00,5.37,0.00
PAS A320 Fleet,2023-05-01,2023-05-31,72,"ENGINE - TURBINE / TURBOPROP, DUCTED FAN / UNDUCTED FAN",0,0,0,3,3,0.00,1.80,0.17,0.00,24.10,3.98,0.00,0.00,0.00,0.00,3.69
PAS A320 Fleet,2023-06-01,2023-06-30,72,"ENGINE - TURBINE / TURBOPROP, DUCTED FAN / UNDUCTED FAN",0,0,0,2,2,0.00,1.80,0.17,0.00,24.10,3.98,0.00,0.00,0.00,0.00,2.12
PAS A320 Fleet,2022-09-01,2022-09-30,73,ENGINE - FUEL AND CONTROL,3,0,0,0,3,6.16,13.44,1.68,0.00,0.00,0.00,0.00,0.00,0.00,6.16,0.00
PAS A320 Fleet,2022-12-01,2022-12-31,73,ENGINE - FUEL AND CONTROL,3,1,0,5,9,5.41,14.14,2.13,1.80,1.58,0.15,0.00,0.00,0.00,7.21,9.01
PAS A320 Fleet,2023-01-01,2023-01-31,73,ENGINE - FUEL AND CONTROL,2,5,0,0,7,4.33,14.46,2.50,10.83,9.64,1.05,0.00,0.00,0.00,15.16,0.00
PAS A320 Fleet,2023-02-01,2023-02-28,73,ENGINE - FUEL AND CONTROL,4,0,0,0,4,10.78,16.79,3.39,0.00,9.64,1.05,0.00,0.00,0.00,10.78,0.00
PAS A320 Fleet,2023-03-01,2023-03-31,73,ENGINE - FUEL AND CONTROL,4,1,0,0,5,7.16,17.35,3.99,1.79,9.76,1.20,0.00,0.00,0.00,8.95,0.00
PAS A320 Fleet,2023-04-01,2023-04-30,73,ENGINE - FUEL AND CONTROL,8,1,0,0,9,12.22,16.30,3.84,1.53,9.82,1.33,0.00,0.00,0.00,13.74,0.00
PAS A320 Fleet,2023-05-01,2023-05-31,73,ENGINE - FUEL AND CONTROL,4,2,0,1,7,4.91,16.27,4.25,2.46,9.99,1.53,0.00,0.00,0.00,7.37,1.23
PAS A320 Fleet,2023-06-01,2023-06-30,73,ENGINE - FUEL AND CONTROL,6,1,0,0,7,6.35,16.31,4.78,1.06,9.98,1.62,0.00,0.00,0.00,7.41,0.00
PAS A320 Fleet,2022-09-01,2022-09-30,75,BLEED AIR,0,0,0,2,2,0.00,0.00,0.00,0.00,0.00,0.00,0.00,0.00,0.00,0.00,4.11
PAS A320 Fleet,2022-11-01,2022-11-30,75,BLEED AIR,0,1,0,0,1,0.00,0.00,0.00,2.63,2.31,0.22,0.00,0.00,0.00,2.63,0.00
PAS A320 Fleet,2023-01-01,2023-01-31,75,BLEED AIR,1,0,0,0,1,2.17,1.90,0.18,0.00,2.31,0.22,0.00,0.00,0.00,2.17,0.00
PAS A320 Fleet,2023-02-01,2023-02-28,75,BLEED AIR,1,0,0,0,1,2.70,3.03,0.41,0.00,2.31,0.22,0.00,0.00,0.00,2.70,0.00
PAS A320 Fleet,2023-03-01,2023-03-31,75,BLEED AIR,1,0,0,0,1,1.79,3.36,0.55,0.00,2.31,0.22,0.00,0.00,0.00,1.79,0.00
PAS A320 Fleet,2023-04-01,2023-04-30,75,BLEED AIR,0,14,0,0,14,0.00,3.36,0.55,21.38,18.91,2.00,0.00,0.00,0.00,21.38,0.00
PAS A320 Fleet,2023-05-01,2023-05-31,75,BLEED AIR,2,0,0,0,2,2.46,3.89,0.76,0.00,18.91,2.00,0.00,0.00,0.00,2.46,0.00
PAS A320 Fleet,2022-11-01,2022-11-30,77,ENGINE INDICATING,0,1,0,0,1,0.00,0.00,0.00,2.63,2.31,0.22,0.00,0.00,0.00,2.63,0.00
PAS A320 Fleet,2023-03-01,2023-03-31,77,ENGINE INDICATING,0,1,0,0,1,0.00,0.00,0.00,1.79,2.79,0.37,0.00,0.00,0.00,1.79,0.00
PAS A320 Fleet,2023-05-01,2023-05-31,77,ENGINE INDICATING,0,1,0,0,1,0.00,0.00,0.00,1.23,2.96,0.47,0.00,0.00,0.00,1.23,0.00
PAS A320 Fleet,2022-07-01,2022-07-31,78,EXHAUST,3,0,0,0,3,9.58,10.33,1.37,0.00,0.00,0.00,0.00,0.00,0.00,9.58,0.00
PAS A320 Fleet,2022-08-01,2022-08-31,78,EXHAUST,1,0,0,0,1,2.42,10.49,1.58,0.00,0.00,0.00,0.00,0.00,0.00,2.42,0.00
PAS A320 Fleet,2022-11-01,2022-11-30,78,EXHAUST,0,0,0,1,1,0.00,10.49,1.58,0.00,0.00,0.00,0.00,0.00,0.00,0.00,2.63
PAS A320 Fleet,2023-03-01,2023-03-31,78,EXHAUST,0,0,0,2,2,0.00,10.49,1.58,0.00,0.00,0.00,0.00,0.00,0.00,0.00,3.58
PAS A320 Fleet,2023-04-01,2023-04-30,78,EXHAUST,0,3,0,2,5,0.00,10.49,1.58,4.58,4.02,0.38,0.00,0.00,0.00,4.58,3.05
PAS A320 Fleet,2023-01-01,2023-01-31,79,OIL,0,0,0,2,2,0.00,0.00,0.00,0.00,0.00,0.00,0.00,0.00,0.00,0.00,4.33
PAS A320 Fleet,2023-04-01,2023-04-30,79,OIL,0,0,0,2,2,0.00,0.00,0.00,0.00,0.00,0.00,0.00,0.00,0.00,0.00,3.05
PAS A320 Fleet,2023-05-01,2023-05-31,79,OIL,0,1,0,3,4,0.00,0.00,0.00,1.23,1.08,0.10,0.00,0.00,0.00,1.23,3.69
PAS A320 Fleet,2023-06-01,2023-06-30,79,OIL,3,0,0,2,5,3.18,2.79,0.26,0.00,1.08,0.10,0.00,0.00,0.00,3.18,2.12
PAS A320 Fleet,2022-11-01,2022-11-30,80,STARTING,0,0,0,2,2,0.00,0.00,0.00,0.00,0.00,0.00,0.00,0.00,0.00,0.00,5.26
PAS A320 Fleet,2022-12-01,2022-12-31,80,STARTING,0,0,0,2,2,0.00,0.00,0.00,0.00,0.00,0.00,0.00,0.00,0.00,0.00,3.60
PAS A320 Fleet,2023-01-01,2023-01-31,80,STARTING,0,0,0,2,2,0.00,0.00,0.00,0.00,0.00,0.00,0.00,0.00,0.00,0.00,4.33
PAS A320 Fleet,2023-02-01,2023-02-28,80,STARTING,0,0,0,2,2,0.00,0.00,0.00,0.00,0.00,0.00,0.00,0.00,0.00,0.00,5.39
PAS A320 Fleet,2023-03-01,2023-03-31,80,STARTING,0,0,0,1,1,0.00,0.00,0.00,0.00,0.00,0.00,0.00,0.00,0.00,0.00,1.79
PAS A320 Fleet,2023-04-01,2023-04-30,80,STARTING,0,0,0,6,6,0.00,0.00,0.00,0.00,0.00,0.00,0.00,0.00,0.00,0.00,9.16
PAS A320 Fleet,2023-05-01,2023-05-31,80,STARTING,0,0,0,14,14,0.00,0.00,0.00,0.00,0.00,0.00,0.00,0.00,0.00,0.00,17.20
PAS A320 Fleet,2023-06-01,2023-06-30,80,STARTING,0,0,0,4,4,0.00,0.00,0.00,0.00,0.00,0.00,0.00,0.00,0.00,0.00,4.24
